gene	grain_Z71_rep1	grain_Z71_rep2	grain_Z75_rep1	grain_Z75_rep2	grain_Z85_rep1	grain_Z85_rep2	leaf_Z10_rep1	leaf_Z10_rep2	leaf_Z23_rep1	leaf_Z23_rep2	leaf_Z71_rep1	leaf_Z71_rep2	root_Z10_rep1	root_Z10_rep2	root_Z13_rep1	root_Z13_rep2	root_Z39_rep1	root_Z39_rep2	spike_Z32_rep1	spike_Z32_rep2	spike_Z39_rep1	spike_Z39_rep2	spike_Z65_rep1	spike_Z65_rep2	stem_Z30_rep1	stem_Z30_rep2	stem_Z32_rep1	stem_Z32_rep2	stem_Z65_rep1	stem_Z65_rep2
TraesCS1A02G019700	0.0	0.0	0.0	0.0	0.0	0.0	0.0	0.0	0.0	0.0	0.0	0.0	0.0	0.0	0.0	0.0	0.0	0.0	0.0	0.0	0.0	0.0	0.0	0.0	0.0	0.0	0.0	0.0	0.0	0.0
TraesCS1A02G019800	0.0	0.0	0.0	0.0	0.0	0.0	0.0	0.0	0.0	0.0	0.0	0.0	0.0965712	0.0640877	0.0	0.0657487	0.0778252	0.030558	0.0	0.0	0.0	0.0	0.0	0.0	0.0	0.0	0.0	0.0	0.0	0.0
TraesCS1A02G020200	0.0	0.0	0.0	0.0	0.0	0.0	0.02495	0.0	0.0	0.0	0.0	0.0	0.0213385	0.0	0.181888	0.0	0.0897213	0.0252549	0.0	0.0	0.0	0.0	0.0	0.0	0.0	0.0	0.0	0.0	0.0	0.0
TraesCS1A02G095600	0.656136	1.34339	0.0	0.0200381	0.0	0.0	0.651627	0.348874	1.57511	2.13397	5.25316	4.66434	6.13792	5.41528	8.08029	10.8962	10.8385	7.30115	3.53335	0.537848	6.71495	6.53898	8.56319	7.88763	1.22605	0.801354	18.1985	18.7886	4.81714	5.86833
TraesCS1A02G164700	5.67661	5.44453	0.451721	0.339607	0.915562	0.564319	6.70744	5.42305	7.22286	8.19533	12.2133	11.1394	0.644058	0.535962	1.12837	0.71869	0.692878	1.11883	5.36722	5.40164	8.39942	8.20262	6.36457	6.95171	3.26203	3.45636	8.17406	8.01268	11.1653	9.48368
TraesCS1A02G256700	0.0	0.0	0.0	0.0	0.0	0.0	0.0	0.0	0.0	0.0638966	0.0	0.0	0.020798	0.0	0.51839	0.621354	0.798908	0.382426	1.42306	1.31307	0.238567	0.273208	0.0	0.0	0.0196881	0.0	0.83482	0.876356	0.0	0.0
TraesCS1A02G310300	0.0576471	0.10844	0.0	0.0	0.0	0.0	0.0	0.0	0.0	0.0	0.0	0.0	0.0489654	0.0184401	0.63793	0.675359	0.873932	0.620248	0.105613	0.0	0.67398	1.61617	11.1539	15.3257	0.0	0.0	0.0159566	0.0319925	0.0197541	0.0
TraesCS1B02G023900	0.0	0.0	0.0	0.0	0.0	0.0	0.0	0.0	0.0	0.0	0.0	0.0	0.413227	0.351242	0.0	0.15801	0.049574	0.0	0.0223261	0.0245589	0.0	0.0	0.0	0.0	0.0	0.0	0.0	0.0	0.0	0.0
TraesCS1B02G049500	0.0	0.0	0.0	0.0	0.0	0.0	0.0	0.0	0.0	0.0	0.0	0.0	0.224769	0.463082	0.336542	0.416633	0.257275	0.193259	0.0	0.0	0.0	0.0	0.0	0.0	0.0	0.0	0.0	0.0	0.0	0.0
TraesCS1B02G128000	0.8038	0.739368	0.0105108	0.0	0.0	0.0	0.0199619	0.0548895	0.788508	0.455785	1.5807	1.42798	3.75567	4.17192	2.47771	6.28975	6.90201	2.49787	17.1355	5.8019	19.0918	13.2566	6.12082	6.56961	0.836557	0.477655	6.04828	6.49127	5.35381	6.10904
TraesCS1B02G181600	6.08481	5.75958	0.302482	0.25069	2.05653	1.67339	7.05849	5.62151	7.41557	7.68532	14.8609	13.7962	0.413481	0.458349	0.823443	0.482195	0.54257	0.803509	4.66967	4.12932	8.2037	7.72714	6.56311	6.52644	2.02016	2.80318	6.38614	7.04857	11.5208	9.88961
TraesCS1B02G267300	0.0	0.0	0.0	0.0	0.0	0.0	0.0	0.0	0.0720438	0.0	0.0419313	0.0	0.144588	0.103879	1.21676	4.86229	5.43469	1.24762	2.6863	3.18156	0.686413	0.78843	0.0	0.0196359	0.0978419	0.0245139	2.72834	2.3668	0.289149	0.3488
TraesCS1B02G321500	0.0	0.0432281	0.0	0.0	0.0	0.0	0.0	0.0	0.0	0.0	0.0	0.0	0.0325334	0.0228444	1.07532	0.899465	0.866637	0.798773	0.0	0.0	0.237233	0.886872	12.6714	14.0301	0.0	0.0	0.0477081	0.0	0.0	0.0
TraesCS1D02G019300	0.0	0.0	0.0	0.0	0.0	0.0	0.0	0.0	0.0	0.0	0.0	0.0	0.157561	0.26674	0.0	0.0	0.0654168	0.0	0.0	0.0	0.0	0.0	0.0	0.0	0.0	0.0291617	0.0	0.0	0.0	0.0
TraesCS1D02G104500	0.923436	1.22568	0.0717175	0.101607	0.0	0.0	0.11974	0.0534691	1.43397	1.7066	4.63222	4.34975	2.97603	2.75433	3.68042	3.9601	4.91455	3.88807	5.12431	0.958533	3.5846	4.21298	10.4001	10.4171	0.519233	0.481876	10.0886	10.786	6.85393	7.35994
TraesCS1D02G161800	3.50603	3.72174	0.403667	0.177331	2.17351	1.43725	9.61988	5.27621	8.41451	9.54234	12.525	13.5527	0.823983	0.889603	2.25264	1.23966	1.51769	1.87796	4.59654	4.79489	8.83716	8.01302	6.00328	7.41959	2.93441	4.22115	5.3316	5.58132	10.3659	7.79514
TraesCS1D02G256100	0.0	0.0	0.0	0.0	0.0	0.0	0.0	0.0	0.0	0.0202204	0.0	0.0251786	0.0	0.0	2.69456	0.478011	0.605608	2.16875	1.30955	1.38277	0.182474	0.227948	0.0209256	0.0	0.0187148	0.0234213	0.820666	0.697341	0.0	0.0443068
TraesCS1D02G309800	0.276195	0.311728	0.0103229	0.0	0.0	0.0	0.0	0.0	0.0	0.0	0.0	0.0	0.0167531	0.0711308	0.980482	0.486924	0.461982	0.630079	0.0180708	0.0	1.334	2.11687	18.487	22.3328	0.0	0.0	0.0	0.0332854	0.0202797	0.0399742
TraesCS2A02G219700	0.156062	0.186963	0.0	0.0	0.0	0.0	0.468492	0.406036	1.23362	1.36206	0.154535	0.14402	9.72827	10.0864	1.62965	7.19033	7.90825	1.63579	1.54918	1.03234	1.53597	2.10307	0.250048	0.141379	0.73117	0.637036	0.303946	0.710725	0.0486302	0.0559343
TraesCS2A02G231600	1.23374	1.08295	0.00910224	0.0656912	0.322582	0.306789	5.99888	3.03723	3.11136	3.30642	1.98973	1.50429	0.604854	0.349616	0.234145	0.319409	0.350132	0.173387	1.12623	0.703006	1.06607	1.14376	3.46646	2.42933	1.29235	1.84971	1.84598	0.892841	3.14453	1.58474
TraesCS2A02G505300	0.0	0.0431986	0.0100197	0.0	0.0	0.0	0.0190213	0.0	0.143462	0.0560689	0.0927766	0.0698779	0.13329	0.110188	0.386717	0.185792	0.197137	0.363315	0.0	0.0	0.0419523	0.0573348	0.856547	0.848916	0.0	0.0	0.0317839	0.235203	0.219831	0.138838
TraesCS2A02G516300	14.1968	12.0365	1.22341	1.00534	2.85075	2.59467	1.88176	1.90976	1.97733	2.98679	0.819106	1.23765	5.47158	5.18401	5.74037	5.72572	5.11241	5.66687	5.18546	4.50714	42.2505	63.6725	10.1362	11.6079	2.81981	4.28002	10.704	12.0892	1.92207	1.96955
TraesCS2A02G575700	0.664631	0.810969	0.395484	0.284735	3.52927	4.97822	0.0178667	0.0817407	0.134715	0.140251	0.0174241	0.0655903	0.433054	0.293211	0.760488	0.46492	0.526787	0.931543	0.0329128	0.01812	0.0196937	0.0358556	5.85252	3.74657	0.0976634	0.020313	0.41789	0.481586	0.0184691	0.0545311
TraesCS2B02G245300	0.106405	0.248357	0.012581	0.0113286	0.0	0.0	0.453212	0.24077	2.0642798	2.42064	0.052699	0.0881944	8.92248	8.503149400000002	1.5099	6.502465	5.5195289999999995	1.17272	0.786508	0.336196	0.562552	0.619155	0.306511	0.241079	0.475104	1.07516	1.31146	1.58079	0.272966	0.279408
TraesCS2B02G255800	0.198964	0.318963	0.112181	0.110217	0.369458	0.374566	0.453346	0.348265	0.272737	0.345101	0.347041	0.259462	0.326696	0.396231	0.533164	0.397294	0.342002	0.453204	0.432631	0.351732	0.420998	0.349307	2.01263	2.05361	0.499066	0.333774	0.354826	0.253845	0.409325	0.487722
TraesCS2B02G533700	0.0	0.0	0.0	0.0	0.0	0.0	0.0	0.0	0.0	0.0	0.0	0.0	0.0249651	0.0	0.0	0.0319353	0.0755362	0.0593541	0.0	0.0	0.0	0.0	0.0	0.0	0.0	0.0	0.0	0.0661154	0.0	0.0
TraesCS2B02G545100	5.97225	5.43265	1.43971	1.18513	6.127	4.95377	3.18357	3.68387	7.53189	9.12334	5.04674	4.85969	8.10927	8.35835	15.1454	14.3667	13.22	18.1792	4.43134	4.01971	26.7214	38.193	6.062	5.15098	4.06416	4.70028	13.4669	11.7734	2.3368	2.40188
TraesCS2B02G611600	0.247683	0.29952	0.176256	0.192462	14.1248	16.8799	0.0351992	0.0161003	0.132693	0.138111	0.0171625	0.0215331	0.759464	0.615571	1.67459	0.534179	0.494709	1.65347	0.0324164	0.0	0.155178	0.153409	4.7263	3.22762	0.0160339	0.0200037	0.014701	0.0988102	0.0363813	0.0715966
TraesCS2D02G225500	0.0893207	0.198829	0.0	0.0	0.0	0.0	0.400843	0.431854	1.65358	1.67973	0.0865066	0.0543582	4.37702	5.18669	0.666604	2.59649	2.42211	0.704748	1.43035	0.514758	1.30773	1.04157	0.203252	0.31321	0.867826	0.936125	1.16607	1.46323	0.229472	0.391819
TraesCS2D02G506100	0.0	0.0333312	0.0	0.0	0.0	0.0	0.0	0.0269432	0.0490203	0.041523	0.2687865	0.46957	0.5344732999999999	0.397347	0.981134	0.862252	1.286866	1.104612	0.0	0.0	0.0323056	0.0296585	0.291302	0.309987	0.0	0.0335706	0.46385089999999995	0.916427	2.30831	1.556501
TraesCS2D02G518100	14.1053	12.7043	1.20769	0.998271	0.0173944	0.0416486	1.96615	2.09243	4.10085	4.23268	2.05607	1.71682	8.85806	9.81855	7.66145	14.4079	13.1369	10.1612	2.13709	2.37804	24.6326	38.6034	8.53135	9.02911	2.72574	3.79211	13.6859	12.8246	1.3134	1.45069
TraesCS2D02G586500	0.215099	0.0728305	0.280863	0.257897	11.893	15.6274	0.0	0.0	0.179015	0.105175	0.0208383	0.0261806	0.750678	0.758245	1.36888	0.371451	1.0826	1.06435	0.0	0.0	0.0	0.0281847	2.00199	0.928721	0.0389002	0.0	0.0	0.120215	0.0442128	0.0218183
TraesCS3A02G007100	0.178376	0.314699	0.0280553	0.0506122	0.0157938	0.0	0.684643	0.665577	1.86781	1.42007	0.301436	0.287346	20.5386	18.4909	46.392	31.4257	34.6965	37.2846	27.3095	28.8159	26.1667	27.9739	4.48694	5.08217	83.7692	65.318	45.3626	49.8985	108.669	103.297
TraesCS3A02G019600	0.0197838	0.022329	0.031054	0.009332	0.0	0.0204901	13.3525	8.4124	12.0123	12.5472	2.00103	1.71593	4.14484	3.32741	2.9259	5.96788	6.25171	2.13713	0.902098	0.793601	1.83345	0.974128	0.198089	0.107522	2.93774	2.33809	3.83816	4.12493	3.76186	3.28467
TraesCS3A02G196000	0.0	0.0	0.0	0.0	0.0	0.0267848	0.0	0.0	0.0	0.0	0.0	0.0	0.0	0.0	0.0	0.0	0.0	0.0	0.0	0.0	0.0	0.0	0.182358	0.167048	0.0	0.0	0.0	0.0	0.0	0.0
TraesCS3A02G331900	0.894325	0.879953	0.0	0.0	0.0	0.0	0.0	0.0	0.0572251	0.0897721	0.0444084	0.0558219	0.408324	0.132102	8.0558	4.98418	4.67325	7.42239	0.0	0.0	1.31983	2.11239	26.9767	29.1771	0.0	0.0	1.4679	1.92969	6.26113	5.66757
TraesCS3A02G335900	0.759144	0.615	0.0108293	0.0292811	0.0	0.0	0.144006	0.24525	0.0517397	0.0810024	0.0	0.0252157	0.607919	0.835171	0.229281	1.07929	1.32818	0.290055	0.0569249	0.0626529	0.0	0.0	0.0	0.0	0.112453	0.0938246	0.137535	0.231536	0.0	0.0210029
TraesCS3A02G339800	0.754713	0.731547	0.0561083	0.0252418	0.0240209	0.0	0.0	0.0	0.0	0.0	0.0	0.0	0.0	0.0	0.0	0.0	0.0	0.0	0.0	0.0	1.0199	0.0834974	40.1348	30.3708	0.0	0.0	0.0447003	0.0	0.0277386	0.0
TraesCS3B02G006900	0.128065	0.226094	0.0431605	0.0386742	0.0717445	0.0	0.900115	0.657956	2.53943	1.57119	1.79042	1.37302	22.8694	21.7075	53.2356	29.0216	34.374	46.209	25.968	27.3673	27.7001	24.0597	4.07004	4.57424	63.0708	44.3115	29.4893	27.5889	106.397	105.829
TraesCS3B02G009500	0.0	0.0	0.0	0.0	0.0	0.0	0.0	0.0	0.0	0.0	0.0	0.0	0.0	0.0	0.0	0.0	0.0	0.0	0.0	0.0	0.0	0.0	0.0	0.0	0.0	0.0	0.0	0.0	0.0	0.0
TraesCS3B02G011600	0.0454851	0.144329	0.0518629	0.0144459	0.0	0.0	0.626555	0.663959	1.52839	1.24258	1.14266	1.03346	23.2816	21.4631	37.7976	28.2485	34.53	28.9061	23.543	26.6086	25.088	24.6933	3.77982	4.66512	52.3801	46.6984	21.1096	22.1856	87.2395	88.2396
TraesCS3B02G026700	0.0	0.0205633	0.0190961	0.0	0.0161346	0.0	17.8596	14.1233	22.1863	22.3045	2.93108	3.64853	8.35444	6.98044	4.46772	11.3771	12.8317	3.26319	0.441924	0.393854	6.67367	1.45834	0.129047	0.329609	16.1801	13.4399	9.69841	9.99054	4.63236	4.78529
TraesCS3B02G227600	0.0639909	0.0481484	0.0779995	0.08033	0.0	0.0	0.0	0.0	0.0	0.0	0.0	0.0	0.0	0.0204753	0.0	0.0	0.0	0.0213385	0.0	0.0	0.0	0.0	0.819849	1.19954	0.0	0.0	0.0	0.0	0.0	0.0
TraesCS3B02G362000	0.644987	0.682728	0.0418673	0.0	0.0532058	0.0207263	0.0	0.0	0.0	0.0	0.077579	0.024354	0.157677	0.172833	4.08606	0.823422	0.802622	3.47918	0.054983	0.0403481	1.08437	1.65585	26.1837	27.8325	0.0	0.0	0.117273	0.178877	2.4941	1.91873
TraesCS3B02G366800	2.49523	3.15073	0.0385838	0.0463168	0.0	0.0	0.0734238	0.0	0.0205377	0.0484065	0.0	0.0	0.33489	0.260985	1.22477	1.30752	1.80891	0.668519	0.0	0.0	0.0	0.0	0.0999128	0.0224753	0.0222971	0.0280214	0.163722	0.0276298	0.0	0.0
TraesCS3B02G371400	1.0228	1.56022	0.0	0.0	0.0	0.0	0.0	0.0	0.0	0.0	0.0	0.0	0.0	0.0	0.0	0.0	0.0	0.0	0.0	0.0	2.20371	1.52457	32.3307	27.9248	0.0	0.0	0.0	0.0	0.0	0.0
TraesCS3D02G003600	0.260778	0.183835	0.0364753	0.0329052	0.0526857	0.0	0.936777	0.458792	1.51736	0.866988	0.788089	0.934642	21.5549	21.1497	27.1201	23.0742	27.3467	22.284	25.4927	22.3935	25.5996	23.7696	2.22586	2.72413	77.9811	54.6044	27.5614	29.2659	124.539	121.869
TraesCS3D02G027300	0.0	0.0	0.0318897	0.0383267	0.0720833	0.0210681	16.1731	10.351	13.7493	14.9912	3.12838	3.59794	6.41412	4.63258	3.36409	6.85179	8.04664	2.10533	1.41025	1.4311	0.853532	0.538884	0.0226849	0.0184265	8.45662	6.1282	6.40372	7.89558	1.28966	1.29007
TraesCS3D02G199100	0.0	0.0	0.0680694	0.0817783	0.0385464	0.0	0.0	0.0	0.0	0.0	0.0	0.0	0.0	0.0	0.0	0.0	0.0	0.0	0.0	0.0	0.0	0.0	1.2745	1.23959	0.117858	0.147657	0.126148	0.121427	0.022328	0.0661224
TraesCS3D02G325400	2.10439	2.26601	0.0	0.0	0.0	0.120202	0.0	0.0	0.0966874	0.132284	0.0	0.0470984	0.964938	0.57559	45.0898	5.91808	7.40794	42.6483	0.0	0.0	0.190857	0.504713	31.499	29.8676	0.0	0.0	5.28114	5.31236	10.2636	10.15
TraesCS3D02G328900	2.78077	3.45725	0.0331821	0.0697739	0.0	0.0	0.042032	0.0578377	0.0352409	0.0413964	0.0	0.0	0.456832	0.284489	0.366725	0.610522	0.464003	0.169408	0.0387773	0.0	0.0	0.0	0.192716	0.403179	0.0765853	0.0239733	0.474226	0.212951	0.0435152	0.0429365
TraesCS3D02G333300	0.620945	0.5163	0.0148456	0.0	0.0	0.0	0.0	0.0	0.0	0.0	0.0276673	0.0	0.0	0.0275112	0.0551374	0.0309528	0.0	0.0	0.0	0.0	1.92132	1.10093	36.7287	32.7229	0.0	0.0	0.0	0.0	0.0	0.0
TraesCS4A02G386700	0.0	0.0255064	0.188647	0.212424	0.0200566	0.0468909	0.0	0.0	0.0	0.0	0.0	0.0	0.0	0.0	0.0	0.0	0.0	0.0	0.0	0.0	0.0	0.0	0.0685655	0.0	0.0	0.0	0.0	0.0	0.0	0.0
TraesCS4A02G415600	3.07434	3.29646	1.45922	1.20042	0.0437927	0.0852663	0.0656929	0.105068	0.328412	0.296496	1.67853	1.36541	0.764018	0.830542	9.19193	7.49585	7.75646	9.19647	0.438354	0.265269	1.15831	0.751986	1.60288	2.96229	1.20524	1.17454	1.91711	1.87501	1.06881	1.27611
TraesCS4A02G464100	0.130312	0.140525	0.0	0.0	0.0	0.0	0.296003	0.136176	2.36547	2.47555	0.674678	0.600811	0.147669	0.0239158	0.574567	0.188287	0.0379955	0.274561	0.676769	0.38422	1.38784	1.29177	0.654596	0.504979	0.392853	0.395462	2.79298	3.24809	4.15622	3.85016
TraesCS4A02G464200	0.163081	0.242711	0.0	0.0104179	0.0	0.0	1.07921	1.07142	0.890683	0.987401	0.0	0.0269649	0.159552	0.147857	2.49888	5.34336	4.67607	3.62775	2.79303	2.27766	6.95831	6.39402	5.30638	8.83267	1.37006	1.34275	8.82719	6.92403	14.2257	16.0469
TraesCS4A02G472400	0.173416	0.239221	0.726265	0.673029	5.23767	5.43369	0.834532	0.670638	0.842467	0.583394	0.380842	0.257976	0.883772	0.601399	4.19126	2.68135	3.54655	3.65935	0.446667	0.446905	2.37418	2.49614	3.10924	3.92559	3.27973	2.42692	2.43892	2.59889	9.35015	8.96834
TraesCS4B02G028400	0.0	0.045919	0.0	0.0	0.0	0.0	0.0	0.0	0.0	0.0	0.0	0.0	0.0	0.0	0.0	0.0	0.0	0.0	0.0	0.0	0.0	0.0	0.0	0.0375435	0.0	0.0	0.0	0.0	0.0	0.0
TraesCS4B02G086600	0.0	0.0	0.0	0.0	0.0	0.0	0.0290548	0.0	0.0	0.0	0.0284122	0.0	0.0	0.0	0.0	0.0	0.0	0.0	0.0	0.0591718	0.0	0.0590649	0.0	0.0	0.0529392	0.0	0.0486247	0.0	0.0	0.0
TraesCS4B02G262500	0.0	0.0	0.0	0.0	0.0	0.0	0.0	0.0	0.0	0.0	0.0	0.0	0.0	0.0	0.0	0.0	0.0	0.0	0.0	0.0	0.0	0.0	0.0	0.0	0.0	0.0	0.0	0.0	0.0	0.0
TraesCS4B02G316400	3.745833	5.241249	0.63749	0.678461	0.0	0.0	0.0576067	0.0527679	0.420383	0.393063	1.926919	1.3444635	1.065324	1.017663	17.83851	8.485532	8.137807	12.832989999999999	0.0	0.0	1.1723605	0.3566064	0.1352139	0.929759	1.082578	1.01577	0.562599	0.563898	0.7626356	0.7962437
TraesCS4D02G313000	0.851768	0.860571	0.62985	0.486571	0.0	0.0	0.051578	0.0157228	0.33123	0.231637	1.36391	1.20867	1.55663	1.53173	12.7844	8.38281	8.33778	9.8823	0.0316602	0.0185728	0.671757	0.300938	0.29725	0.489499	1.58493	1.18248	1.88348	2.60751	1.97796	2.2268
TraesCS5A02G015800	0.0	0.0	0.0	0.0	0.0	0.0	0.0	0.0	0.0170224	0.0199824	2.77998	2.29782	0.520699	0.493588	1.25866	0.755224	0.548112	0.948064	0.0187269	0.0441416	1.08723	1.96568	1.26164	1.666	0.288115	0.142802	0.0848442	0.0456988	1.10697	0.993189
TraesCS5A02G220400	2.603339	3.117389	0.99431	0.8962357999999999	0.15278750000000002	0.0669963	1.3760515	1.052639	2.620012	2.56887	0.876638	0.956064	3.524605	3.664707	0.608735	2.1571233	2.4057197	0.53360173	2.306871	1.5992476999999998	4.787182	4.1673729999999995	0.3971039	1.001743	3.079899	3.006246	0.9916909999999999	1.0716329	0.08505309999999999	0.120955
TraesCS5A02G220500	3.33272	2.25113	0.17323	0.178289	4.03338	4.97637	0.9572	1.33779	0.763915	1.01803	1.95376	1.58331	4.88064	5.62071	9.1726	7.28351	7.70226	9.55914	0.630535	0.693661	0.884108	0.678785	6.73278	4.25268	1.16969	0.99607	1.92847	1.44813	0.536735	0.554807
TraesCS5B02G014100	0.0539643	0.0	0.0	0.0126092	0.0	0.0	0.0	0.0246023	0.0224125	0.0	3.74687	2.52154	0.296859	0.662167	1.89544	1.08863	0.921808	1.58732	0.345795	0.267747	3.18864	2.31612	1.28181	1.63635	0.715614	0.635832	0.0893159	0.0905643	0.535565	1.15585
TraesCS5B02G219500	1.45419	1.7091	0.624556	0.774232	0.019471	0.0227593	0.261327	0.31984	5.50582	6.04367	2.76669	2.47066	2.41241	2.58328	1.51306	3.73067	3.69922	1.40559	0.683362	0.353875	2.75455	2.21695	0.288556	0.298758	1.61385	1.81491	1.72922	2.10154	0.0	0.0222678
TraesCS5B02G219600	0.414876	0.691226	0.134382	0.139788	3.28102	3.54588	1.23663	1.30966	1.23027	1.29315	2.50879	2.69313	8.00159	7.4642	12.5615	8.52563	8.39029	12.0596	0.271443	0.25896	0.692856	0.453929	1.14311	1.41816	1.60945	1.54273	1.57453	1.69984	0.588937	0.838307
TraesCS5D02G021800	0.0	0.0	0.0	0.0	0.0	0.0	0.0	0.0	0.11185	0.211331	5.07987	5.04415	0.478634	0.49935	2.64638	1.40953	1.33191	2.54013	0.0	0.0542147	1.046	1.08572	3.02147	2.88601	0.21846	0.0634553	0.46802	0.45195	2.29571	2.52237
TraesCS5D02G228400	1.52796	1.16935	0.598155	0.548525	0.0197515	0.046176	0.795011	0.459873	5.5928	5.36035	15.9459	17.6172	1.76383	1.63294	1.22596	2.32286	2.23225	1.82905	0.0	0.0224308	0.330354	0.111916	0.832951	1.17199	0.040499	0.0	0.0	0.0	0.0	0.0
TraesCS5D02G228500	0.914509	1.08912	0.257623	0.383549	9.36416	8.28852	0.475336	0.573336	0.348632	0.277096	2.82542	2.45912	8.78023	8.82696	12.0516	9.41858	8.26409	12.0869	0.314235	0.129681	0.728319	0.545601	3.89103	3.69051	0.958919	0.850054	1.22748	1.23346	0.0661173	0.111303
TraesCS6A02G008700	1.70579	1.46276	0.333257	0.0911456	1.33893	1.49488	1.91624	1.97301	3.19495	4.28302	5.48665	4.74292	2.12133	2.68563	7.59419	6.69764	6.06288	9.73301	2.89782	3.86992	2.98842	3.47489	5.05156	4.19168	4.40931	4.9343	8.02167	10.2294	3.25353	3.61578
TraesCS6A02G008800	1.2589146	1.0341518	0.9671293999999999	1.198559	0.21122204378999998	0.23576627	0.6499607000000001	0.7460533	0.491419273561	0.44463876999999996	0.665265	0.7376758200000001	0.16410937	0.42519149	5.86881	2.8705842	2.49472	5.8742617	1.037319622	0.53290709	0.32129234403	0.428591	0.3988650220864	0.3311205221	0.9711976	0.85245	2.1291566	2.2776774	0.541459	0.29684066
TraesCS6A02G009400	0.0	0.0	0.0	0.0	0.0	0.0	0.0	0.0	0.466232	0.3891	0.0	0.0	0.605364	0.921205	1.37281	2.66714	3.30915	0.751148	0.166246	0.19265	0.934445	1.07288	0.0	0.0	0.308353	0.334444	0.270301	0.694521	0.0	0.0
TraesCS6A02G039800	0.293501	0.260274	0.0109557	0.00987368	0.0371812	0.0	0.0	0.0	0.0	0.0	0.0	0.0	0.0177925	0.020123	0.0	0.0	0.0	0.0	0.096005	0.0422646	0.0229706	0.104783	0.508939	0.190094	0.0	0.0	0.0	0.0	0.0	0.0
TraesCS6A02G271500	3.97923	2.90103	0.0721747	0.189664	0.236925	0.237485	0.526057	0.618162	0.257642	0.481222	0.0870498	0.130903	3.07017	2.64771	0.961518	2.5428	2.09616	2.76903	3.66803	3.58335	2.65827	2.98063	1.36068	2.12554	2.45997	2.5159	1.96082	1.63734	1.05648	1.1286
TraesCS6A02G329600	0.0	0.0	0.0	0.0	0.0	0.0	0.0	0.0	0.0	0.0	0.0	0.0	0.293346	0.331899	4.93114	1.50076	2.20838	3.60437	0.0	0.0	0.0	0.0	0.0	0.0	0.0	0.0	0.0	0.0	0.0	0.0
TraesCS6A02G329700	0.0	0.0	0.0	0.0	0.0	0.0	0.0	0.0	0.0	0.0	0.0	0.0	0.0	0.0	0.621683	0.0495975	0.0	0.654187	0.0	0.0	0.0	0.0	0.139366	0.125183	0.0207514	0.0	0.990161	0.539285	1.51051	1.49256
TraesCS6A02G329800	0.0	0.0	0.0	0.0	0.0	0.0	0.0	0.0	0.0	0.0	0.0182955	0.0	5.66512	5.67394	12.6832	8.3481	8.66183	10.1625	0.0518508	0.0190281	0.103408	0.0941973	0.114538	0.170908	0.0170875	0.0640329	0.141028	0.0843187	0.426731	0.305662
TraesCS6A02G329900	0.110423	0.183563	0.126807	0.0218215	0.0	0.0241135	0.0	0.0	0.0193253	0.0	0.0	0.0	0.24802010000000002	0.23766389999999998	15.540130000000001	0.405264	0.28228	14.18043	0.191486	0.0468162	0.145156	0.265076	3.419187	2.49789	0.0	0.0	0.0	0.0493754	0.0477482	0.0471908
TraesCS6A02G330000	0.0921008	0.0686703	0.0	0.0	0.0	0.0	0.0	0.0	0.0	0.0	0.0	0.0	4.75082	3.91103	1.7115	3.39501	2.50317	1.86364	0.0555736	0.0305378	0.96302	0.861757	2.3835	3.53062	1.08784	0.955384	1.11173	1.5296	0.810477	0.743623
TraesCS6A02G330100	4.45386	5.59432	0.3292	0.215332	0.0	0.0	0.0	0.0536944	0.0	0.0192051	0.0381472	0.0	17.3385	17.1715	29.2439	23.8903	25.2162	20.6946	0.61227	0.248039	6.6411	8.54271	16.2711	23.3777	0.144332	0.0667946	0.560676	0.637053	0.262717	0.352072
TraesCS6B02G015400	1.9390319999999999	1.6228	1.80403	2.101292	0.332278	0.51225000413931	0.725611	0.754767	0.585861	0.533967	0.656313	0.227475	0.197649	0.22485	3.002684	0.770659	0.677561	2.11454	0.627507	0.5126933	0.659245	0.869877	1.002502	0.830258	0.84208	0.706414	0.315181	0.754334	0.506186	0.923552
TraesCS6B02G298700	3.63426	2.51607	0.111424	0.0177563	0.0	0.0	0.775963	1.23428	6.47817	6.83081	39.5567	40.6461	0.595537	0.583422	0.367733	0.504279	0.550934	0.610249	0.327533	0.277288	0.368968	0.224836	2.29669	1.51098	0.691997	0.445378	0.933925	1.09821	2.78117	2.88151
TraesCS6B02G360400	0.0	0.0	0.0	0.0	0.0	0.0	0.0	0.0	0.0346198	0.0203264	0.0	0.025309	0.0176491	0.0199588	2.91665	0.664097	1.05904	2.82601	0.0	0.0	0.0	0.0	0.0	0.0	0.0	0.0	0.120785	0.0232396	0.0	0.0
TraesCS6B02G360500	0.0	0.0	0.0	0.0	0.0	0.0	0.0	0.0	0.0	0.0	0.0	0.0	0.0	0.0	0.0	0.0	0.0	0.0	0.0	0.0	0.0	0.0	0.0	0.0	0.0	0.0	0.0	0.0	0.0390278	0.0
TraesCS6B02G360600	0.0	0.0	0.0	0.0	0.0	0.0	0.0	0.0	0.0	0.0	0.0	0.0	2.21057	2.20291	9.12575	5.78447	6.94935	7.48386	0.0	0.0466246	0.0	0.0463149	0.0	0.0210869	0.0	0.0	0.0	0.0	0.0	0.0
TraesCS6B02G360700	0.0692773	0.0520166	0.0	0.0	0.0	0.0	0.0	0.0	0.0	0.0	0.1785	0.0841448	0.0	0.0	3.89881	0.0	0.0370439	3.35117	0.0	0.0	0.0	0.0	0.0	0.0852591	0.0	0.0	0.0	0.0	0.0	0.0241799
TraesCS6B02G360800	0.409196	0.391051	0.0212748	0.0287653	0.0	0.0	0.0202045	0.0	0.0169367	0.0	0.0	0.0	6.73899	6.13963	3.10533	2.88547	2.10765	2.09604	0.0558967	0.0	1.29292	2.31188	4.47145	5.87852	0.368141	0.46813	1.21638	1.43219	0.648189	0.700313
TraesCS6B02G360900	3.8044747	6.0835	0.0847836	0.1261392	0.0	0.0	0.0397553	0.018218	0.0106379	0.0	0.0	0.0	10.504472	10.843912	17.543111	9.211706	10.01451	16.952352	0.50605	0.121044	7.769979299999999	9.36492	15.706073	20.258834	0.0367259	0.135885	1.06292	1.5669060000000001	0.2316107	0.0642461
TraesCS6D02G009800	0.869041000798495	1.150873	1.46349	1.248431	0.509047	0.280204	0.185833	0.0632637	0.249684	0.176195	0.19422	0.140465	0.47724	0.428615	4.82705	2.11448	2.1683000002223167	5.09065	0.346258	0.368809	0.444621	0.369357	0.378555	0.335125	1.027531	0.96184	2.06112	1.693211	0.0925218	0.0685416
TraesCS6D02G009900	4.18814	2.7643139	0.353271	0.2454514	5.175362000000001	4.83566	3.058791	2.5602970000000003	2.30186	2.3047500000000003	3.36119	2.97445	2.9618010000000004	3.60416	8.89444	6.3087	5.329744	8.707469399999999	3.31947	4.20078	4.97201	5.715638	5.65843	6.02862	4.48443	4.7101500000000005	9.53309	10.29075	5.49148	4.469487
TraesCS6D02G045700	0.0	0.0	0.0108764	0.0	0.0	0.0	0.0206626	0.0	0.138581	0.0610248	0.0201644	0.0	0.388565	0.579235	6.17751	2.89679	2.29558	5.70229	0.0190591	0.0209766	0.136807	0.103999	0.126295	0.0754643	0.056473	0.0235613	0.0	0.0465137	0.21388	0.189878
TraesCS6D02G251700	3.77041	3.53395	0.0996721	0.116535	0.0228901	0.0234831	0.949799	1.24445	10.9474	10.3849	66.5761	68.9986	1.13033	1.10649	0.480838	0.724973	0.66682	0.811805	1.00062	1.22022	1.3528	1.03149	3.17214	1.79622	1.64493	1.5553	4.15281	4.37512	5.81084	5.74338
TraesCS6D02G308500	0.0	0.0	0.0	0.0	0.0	0.0	0.0	0.0	0.0169003	0.0396728	0.0	0.0	0.0344649	0.0584454	2.00212	0.353798	0.382987	2.01285	0.0	0.0	0.0	0.0	0.0205336	0.0551837	0.0	0.0	0.0	0.0	0.0	0.0
TraesCS6D02G308600	0.0	0.0	0.0	0.0	0.0	0.0	0.0	0.0	0.0	0.0199971	0.237951	0.149422	0.0	0.0	1.96056	0.33117	0.155285	0.815135	0.0	0.0	0.022421	0.0408955	0.0	0.0185445	0.0	0.0231632	0.356603	0.320125	0.52577	0.642922
TraesCS6D02G308700	0.0	0.0	0.0	0.0	0.0	0.0	0.0	0.0	0.0	0.0	0.0	0.0	8.20057	8.86531	7.63664	12.5026	13.5763	6.26106	0.0	0.0	0.0	0.0	0.0	0.0	0.0210054	0.0527164	0.0	0.0520004	0.334513	0.283383
TraesCS6D02G308800	0.247836	0.0932349	0.0	0.0771567	0.0	0.0	0.0	0.0	0.0	0.0	0.0	0.0	0.0505424	0.026456	3.9724	0.148813	0.112408	2.80302	0.0252066	0.0	0.0	0.027624	0.500972	0.301374	0.0	0.0	0.0	0.0	0.0	0.0280464
TraesCS6D02G308900	0.0393133	0.0	0.0	0.0	0.0	0.0	0.0	0.0180977	0.0	0.0	0.0	0.0	1.18259	1.35638	0.896777	0.626037	0.568833	0.681717	0.0	0.0192171	0.0442854	0.0193751	0.0593199	0.0171599	0.0695147	0.0	0.279589	0.104067	0.0198615	0.0211826
TraesCS6D02G309000	4.30531	5.57932	0.76118	0.650843	0.0	0.0	0.0	0.0	0.0	0.0	0.0221147	0.0	21.5724	19.4738	32.328	24.5893	23.0311	28.24	0.321838	0.0920434	4.18554	6.3496	12.381	15.3797	0.04193	0.0258822	0.1176	0.388072	0.0469357	0.0
TraesCS7A02G020400	0.190693	0.430464	1.01846	1.11503	2.82129	2.69598	1.60008	1.41339	0.463805	0.697104	0.156707	0.174074	0.716506	0.68404	3.46203	1.74717	2.03101	3.28808	0.931899	1.13163	3.51167	2.91848	2.2112	2.12893	3.98212	3.10025	4.1364	3.68435	7.87479	8.13255
TraesCS7A02G024800	1.59719	1.33958	0.0359359	0.0431586	0.101941	0.119169	1.70834	2.18341	1.2312	2.20871	0.955269	0.531175	0.545312	0.462643	2.65865	11.4896	10.0831	3.72431	4.02759	2.72961	10.3088	12.3191	14.2502	23.4117	2.84017	2.89244	5.83984	5.21901	15.5192	17.2632
TraesCS7A02G024900	0.429129	0.558928	0.0249322	0.0785804	0.0530698	0.0	0.213431	0.196226	2.07916	1.66082	0.562189	0.92476	0.130991	0.196016	0.715073	0.333904	0.191897	0.407489	0.409738	0.676325	1.07346	1.25939	0.532262	1.0184	0.288504	0.488327	4.08251	4.52126	3.24062	3.44684
TraesCS7A02G087800	0.0921769	0.0520166	0.060085	0.11877	0.0613673	0.0239131	0.0228516	0.0209946	0.134177	0.112774	0.758626	0.364627	0.0	0.0	0.0	0.0	0.0	0.0	0.0	0.0	0.0	0.0	0.0466072	0.0	0.0	0.0	0.0	0.0	0.0236789	0.0
TraesCS7A02G169100	65.3804	74.661	4.01128	3.41119	0.0526733	0.0	0.745341	0.330563	1.89947	1.9544	0.893466	1.06497	76.7378	73.2462	40.2479	85.823	104.567	29.3886	3.50403	2.06366	4.99277	6.33159	15.3692	12.5594	20.7235	14.8625	9.76385	11.0068	7.16683	6.25421
TraesCS7A02G281700	0.0	0.0	0.0	0.0	0.0	0.0	0.0	0.0	0.0	0.0	0.0	0.0	0.0305343	0.0	0.209514	0.0	0.0187004	0.0730734	0.0331703	0.0364045	0.0	0.0	0.0	0.0	0.0	0.0	0.0	0.0	0.0	0.0
TraesCS7A02G300400	0.0	0.0	0.124137	0.152532	28.0183	27.4884	0.0	0.0	0.0	0.0	0.0	0.0	0.0	0.0	0.0	0.0	0.0	0.0	0.0	0.0	0.023674	0.108043	0.0	0.0	0.0195387	0.0	0.0	0.0	0.0	0.0
TraesCS7A02G409900	3.00247	2.87066	0.393827	0.412679	2.56772	2.78355	4.11121	4.24506	2.48709	2.76233	1.66975	1.55555	8.09689	7.31018	5.81143	10.356	8.98397	5.45312	3.63613	3.41647	6.65511	7.39418	6.75888	6.81996	5.41156	5.95076	14.1876	14.1614	9.57173	8.96206
TraesCS7A02G477400	1.57195	1.78466	0.0253078	0.0344854	0.0	0.0	0.0	0.0	0.0	0.0	0.0	0.0	0.0197145	0.0223277	0.0	0.0251082	0.0	0.0	0.0	0.0	0.0	0.0	0.0	0.0	0.0	0.0	0.0	0.0	0.0	0.0
TraesCS7A02G477500	0.0	0.0	0.553449	0.619711	0.0	0.0	0.0	0.0	0.0	0.0	0.0	0.0	0.0	0.0	11.7328	0.0	0.0	7.46046	0.0	0.0	0.0	0.0	0.0	0.0	0.0	0.0	0.0	0.0	0.0	0.0
TraesCS7A02G490000	0.0	0.0	0.0	0.0	0.0	0.0	0.0400653	0.0	0.0335839	0.0985343	0.0	0.0	0.0	0.0	0.0	0.0	0.0	0.0	0.0	0.0	0.265206	0.0604534	0.142809	0.773104	0.0	0.0	0.0	0.0450736	0.0	0.0
TraesCS7A02G526900	0.55034	0.743456	0.0	0.0	0.0	0.0	0.0	0.0	0.0	0.0	0.0	0.0	0.0223067	0.0	0.0	0.0	0.0671267	0.0	0.0	0.0	0.115363	0.211327	0.660299	0.768198	0.0	0.0	0.0	0.0	0.0	0.0
TraesCS7B02G073900	14.1558	19.4826	5.03265	4.44914	0.059754	0.0	1.27214	0.800636	5.95337	5.5191	2.79968	3.50924	76.4776	69.2101	29.5673	91.5779	106.106	20.6753	4.49923	3.01339	7.74695	9.40245	12.875	12.7925	26.0719	20.4953	20.9117	21.3334	11.6509	9.9398
TraesCS7B02G201300	0.0	0.0	0.0	0.0	0.316142	0.298357	0.0	0.0	0.0	0.0	0.0	0.0	0.0	0.0	0.0	0.0	0.0	0.0	0.0	0.0	0.0	0.0	0.0	0.0	0.0	0.0	0.0	0.0	0.0	0.0
TraesCS7B02G309300	7.131977	6.481059999999999	0.6936473000000001	0.5935451	1.944861	1.9598740000000001	5.11449	4.25855	2.599738	3.7185882682999996	1.6685357168250001	1.4686835999999999	8.01008	7.319194899999999	4.64468	10.871230700000002	11.46529	4.52030459	3.1496	2.9908099999999997	10.33003	9.89291	6.20547	7.25714	5.504109	6.25034	6.446795	6.51522	5.64705	4.55711
TraesCS7B02G379000	0.0	0.0	0.0	0.0	0.0	0.0	0.0	0.0	0.0	0.0	0.0	0.0	0.0	0.0	0.0	0.0	0.0	0.0	0.0	0.0	0.0	0.0	0.0	0.0	0.0	0.0	0.0	0.0	0.0	0.0
TraesCS7B02G379300	1.36225	1.41764	0.0	0.0	0.0	0.0	0.0	0.0	0.0	0.0	0.0	0.0	0.0	0.0	0.0	0.0	0.0	0.0	0.0177579	0.0195486	0.0	0.0	0.0	0.0	0.0	0.0	0.0	0.0	0.0	0.0
TraesCS7B02G379400	0.205239	0.362279	0.0	0.0	0.0	0.0	0.0	0.0	0.0	0.0	0.0	0.0	0.0	0.0	0.0	0.0	0.0	0.0	1.74184e-06	2.15678e-06	0.0	0.0	0.0	0.0	0.0	0.0	0.0	0.0	0.0	0.0
TraesCS7B02G393200	0.0	0.0	0.0	0.0	0.0	0.0	0.0	0.0172792	0.0	0.0	0.0	0.0	0.0	0.0	0.0	0.0	0.0	0.0379306	0.0	0.0382865	0.104034	0.0	0.192054	1.10721	0.0	0.0	0.0	0.0	0.0	0.0
TraesCS7D02G022700	0.0942093	0.17157	0.0119786	0.0	0.0203881	0.0	0.8861	1.39292	0.673311	0.7461	0.0232993	0.0	0.165726	0.0456403	0.26636	3.75089	3.47735	0.516215	2.22633	2.17594	5.16981	6.24044	8.77243	15.0145	1.2807	1.20763	9.67047	8.83887	28.1713	29.5244
TraesCS7D02G022800	0.164736	0.062655	0.0	0.0	0.0535886	0.0751104	0.143371	0.0878881	1.24755	1.21981	0.320327	0.129832	0.154079	0.172931	0.162103	0.0280581	0.0516009	0.169102	0.190199	0.136432	0.214583	0.208731	0.31694	0.238873	0.134197	0.027341	1.13265	1.03526	2.22246	1.35087
TraesCS7D02G082900	0.0	0.0	0.138868	0.125394	0.118037	0.114979	0.0	0.020196	0.0	0.0	0.0	0.0	0.0	0.0	0.0	0.0	0.0	0.0	0.0	0.0	0.0	0.0221778	0.0	0.0	0.0	0.0	0.0	0.0	0.0	0.0
TraesCS7D02G170200	25.8925	30.0243	5.24275	4.44482	0.0	0.0	0.573305	0.642686	4.01244	3.67787	2.04906	1.95895	94.6482	89.485	27.8676	75.3684	89.4479	25.397	3.93208	1.66261	6.13243	7.54897	15.7358	16.5745	25.0926	17.1127	24.0279	23.4989	13.4973	12.1537
TraesCS7D02G296100	0.0	0.0	0.0	0.0	31.5104	29.3967	0.0	0.0	0.0	0.0	0.0	0.0	0.0	0.0	0.0	0.0	0.0	0.0	0.0	0.0235241	0.0	0.0701152	0.0	0.0	0.0	0.0	0.0	0.0261087	0.0	0.0
TraesCS7D02G403100	4.33247	4.55865	0.548623	0.473918	3.33385	3.98085	4.03877	4.4631	3.90537	4.14424	5.6128	5.76487	6.30672	5.45943	3.09116	7.95932	6.64419	4.29237	2.92961	3.04376	10.2173	9.58818	7.53307	7.24272	4.9399	5.43973	9.24974	8.71454	9.1712	10.1506
TraesCS7D02G464900	1.406266	1.62576	0.0124454	0.0	0.0	0.0	0.0	0.0	0.0	0.0	0.0	0.0	0.0	0.0	0.0	0.0	0.0	0.0	0.0	0.0	0.0	0.0	0.0	0.0	0.0	0.0	0.0	0.0	0.0	0.0
TraesCS7D02G472200	0.33694	0.50937	0.0	0.037241	0.0	0.0	0.0	0.0	0.0	0.0	0.0	0.0323141	0.0	0.0	0.0383398	0.0	0.0	0.0	0.0688255	0.100934	1.9885249999999999	2.483295	1.28813	1.0717446069	0.0	0.0301372	0.0	0.0	0.054537	0.0540431
TraesCS7D02G476400	0.0631758	0.0237676	0.0110039	0.0	0.0	0.0	0.0418143	0.0383554	0.0175287	0.0	0.0204044	0.0	0.053615	0.101069	0.0	0.0227263	0.0746179	0.0631908	0.0385743	0.0212268	0.0692203	0.0842078	0.149106	0.638151	0.304755	0.190771	0.0	0.07061	0.0	0.0
