gene	SRR947794	SRR947769	SRR947789	SRR947765	SRR947785	SRR947761	SRR947781	SRR947756	SRR947777	SRR947752	SRR947773	SRR947748	SRR947828	SRR947829	SRR947044	SRR947824	SRR947040	SRR947822	SRR947816	SRR947036	SRR947810	SRR947811	SRR947804	SRR947024	SRR947803	SRR947800	SRR947023	SRR947020	SRR947016	SRR946457	SRR947005	SRR946453
TraesCS1A02G019700	0.0	0.0	0.0	0.0	0.0	0.0	0.0	0.0	0.0	0.0	0.0	0.0	0.0	0.0	0.0	0.0	0.0	0.0	0.0	0.0	0.0	0.0	0.0	0.0	0.0	0.0	0.0	0.0	0.0	0.0	0.0	0.0
TraesCS1A02G019800	0.0	0.0	0.0	0.0	0.0	0.0	0.0	0.0	0.0	0.0	0.0414277	0.0	0.0	0.0	0.0	0.0	0.0	0.0	0.0	0.0	0.0654715	0.0	0.0	0.0	0.0	0.0	0.0	0.0	0.0	0.0	0.0	0.0
TraesCS1A02G020200	0.0	0.0	0.0	0.0	0.0	0.0	0.0	0.0	0.11962	0.0	0.0	0.0	0.0498897	0.0	0.0	0.0	0.0	0.0	0.0	0.0	0.0	0.0	0.0	0.0	0.0	0.0	0.0	0.0	0.0	0.0	0.0	0.0
TraesCS1A02G095600	5.81299	0.74228	4.81045	0.938916	6.20881	1.58188	6.09695	2.71398	6.38471	1.28165	6.30953	2.14443	4.46577	4.93259	1.24461	7.83161	2.34078	9.50192	11.0567	1.69437	9.26738	9.62413	0.0	0.0	0.0	0.0	0.0	0.0	7.36169	2.48348	0.560196	0.996565
TraesCS1A02G164700	0.578638	10.5155	0.637666	6.41647	0.497576	3.70347	0.904356	6.1443	0.760649	3.51636	0.811621	4.46766	0.959059	1.12443	9.1056	1.76206	17.7303	1.293	1.1009	5.18239	1.55108	1.8366	0.0	1.6013	0.259695	0.404216	0.363405	0.37596	1.30837	0.958788	5.61108	13.2514
TraesCS1A02G256700	0.0889108	0.0	0.0	0.0	0.0	0.0	0.0	0.0	0.0406558	0.0	0.0	0.0	0.0	0.0	0.0	0.0470162	0.0	0.137172	0.0694402	0.0	0.0962139	0.195091	0.0	0.0	0.0	0.0	0.0	0.0	0.0	0.0	0.0	0.0
TraesCS1A02G310300	0.0530635	0.0	0.361475	0.0	0.110569	0.0	0.130775	0.0746339	0.304993	0.0	0.694213	0.0	0.0	0.0813779	0.0	0.1843	0.0	0.0	0.249316	0.0	0.342203	0.155651	0.0	0.0	0.0	0.0	0.0	0.0	0.0	0.0	0.0	0.0
TraesCS1B02G023900	0.0	0.0	0.0	0.0	0.0	0.0	0.0	0.0	0.038608	0.0	0.0	0.0	0.0968058	0.0	0.0	0.0	0.0	0.0	0.0385164	0.0	0.0	0.0	0.0	0.0	0.0	0.0	0.0	0.0	0.0263334	0.0	0.0	0.0
TraesCS1B02G049500	0.0330127	0.0	0.0621283	0.0	0.0690329	0.0	0.217919	0.0	0.0763645	0.025984	0.0329959	0.0	0.479013	0.402602	0.0	0.128402	0.0	0.0	0.0	0.0	0.0	0.0	0.0	0.0	0.154119	0.198647	0.0	0.0	0.0260362	0.314646	0.0	0.0
TraesCS1B02G128000	3.27724	0.150738	1.99513	0.236075	2.57333	0.499998	1.65521	1.22807	3.39996	0.309985	2.77808	0.582392	3.20167	3.55925	1.05292	1.37667	0.295102	0.0	0.0	0.0	0.0	0.0	3.32803	0.915371	2.12317	3.45124	0.889158	1.03186	3.05741	0.906174	0.0570507	0.444714
TraesCS1B02G181600	0.399433	10.7701	0.761377	6.92784	0.599286	4.24978	0.775013	6.30925	0.675689	3.91519	0.50619	5.20212	0.670436	0.653624	10.7348	0.174732	5.15477	0.847281	1.07138	2.32446	0.43396	0.242795	1.19816	11.6572	1.02744	1.16773	10.5025	9.33738	0.391949	0.724326	5.13107	12.1619
TraesCS1B02G267300	4.01452	0.0	0.551056	0.0	0.217404	0.0	0.391951	0.0	0.645826	0.0701191	0.377948	0.0	2.92071	3.13309	0.0	4.90204	0.0306203	0.000387737	0.0	0.0	0.0	0.0	4.19577	0.0	4.46439	4.18105	0.0	0.0	3.11964	2.1697	0.0	0.0655453
TraesCS1B02G321500	0.0700716	0.0	0.984687	0.0	0.137749	0.0	0.130281	0.0	0.0	0.0	0.457382	0.0	0.15443	0.121675	0.0	0.0917527	0.0	0.0	0.0	0.0	0.0	0.0	0.231574	0.0	0.249033	0.783997	0.0	0.0	0.0412537	0.0	0.0	0.0
TraesCS1D02G019300	0.0	0.0	0.0	0.0	0.0	0.0	0.0	0.0	0.0	0.0	0.0	0.0	0.0	0.0	0.0	0.0	0.0	0.0	0.0	0.0	0.0	0.0	0.0	0.0	0.0	0.0	0.0	0.0	0.0	0.0	0.0	0.0
TraesCS1D02G104500	3.11127	2.10729	0.848879	1.11981	2.69343	1.40049	1.94468	3.82751	2.76991	0.78347	1.63863	2.58799	0.0	0.0	0.085054	0.0	0.0	5.66501	6.09495	1.20658	2.3582	2.40069	7.2515	1.88664	2.37646	1.99748	0.401831	0.345642	3.60671	1.68166	1.31118	3.7165
TraesCS1D02G161800	0.903399	12.3615	1.38543	6.91043	1.37087	4.90618	2.17735	7.96723	2.34889	4.6321	1.14548	6.81302	0.0860628	0.0	0.299342	0.0	0.0517719	2.80531	1.94622	14.2848	1.14734	1.159	2.92006	23.2647	1.38614	1.0831	9.17814	9.17076	1.60812	1.95584	6.3772	13.3121
TraesCS1D02G256100	0.0889572	0.0	0.0346875	0.0	0.0	0.0	0.0	0.0	0.0	0.0	0.0357215	0.0	0.10637	0.0497484	0.0	0.0	0.0	0.0	0.0	0.0649037	0.0458477	0.0	0.0994287	0.0	0.0	0.0	0.0	0.0	0.0299267	0.342962	0.0	0.0
TraesCS1D02G309800	0.145608	0.0	0.148614	0.0	0.0567299	0.0	0.0894544	0.0	0.0626106	0.0	0.278491	0.0	0.0	0.0	0.0	0.0	0.0	0.125546	0.21982	0.0	0.131547	0.0538536	0.357731	0.0	0.0	0.14284	0.0	0.0	0.0	0.0979766	0.0	0.0
TraesCS2A02G219700	1.70538	0.906354	1.63293	0.995991	1.34576	1.51241	1.35581	1.77398	2.07943	2.65038	1.25382	1.54569	5.94564	5.17567	2.36075	1.49646	2.15362	8.29072	8.02335	1.30092	3.6782	3.73644	5.62408	2.12602	5.54014	4.37854	2.08376	2.39927	2.62121	1.21025	2.81315	2.72567
TraesCS2A02G231600	0.401418	2.2158	0.441455	0.636144	0.304263	0.423165	0.243308	0.854033	0.166191	0.74869	0.53511	0.590714	0.557448	0.414895	0.737389	0.253496	1.22312	0.224807	0.258395	1.10413	0.547563	0.504205	0.135548	0.823579	0.579569	0.269581	2.00207	1.96722	0.170971	0.554142	0.261388	1.46288
TraesCS2A02G505300	0.0	0.958382	0.0	0.30832	0.0	0.392246	0.0377326	0.216151	0.0	0.0207128	0.0	0.348642	0.0	0.0	0.265894	0.0	0.784449	0.0	0.030804	0.0904772	0.0	0.0	0.0	0.457298	0.0	0.0	0.0828303	0.13105	0.0	0.0	0.140369	1.4114
TraesCS2A02G516300	1.9162	0.283521	2.91269	0.134791	2.59125	0.151578	2.39579	0.345295	2.31892	0.281864	2.8905	0.227531	3.29017	4.72202	0.589415	2.50811	0.562813	2.99904	4.41921	0.491448	4.51667	3.49851	2.31032	0.480796	4.63912	3.57293	0.421926	0.284991	2.3063	4.53286	0.206222	0.551326
TraesCS2A02G575700	0.28063	0.0177924	0.406914	0.0	0.132439	0.0196235	0.0880598	0.0333946	0.0855837	0.0778475	0.415067	0.0	0.870532	0.637737	0.0	0.429797	0.0256718	0.454138	0.932865	0.198852	0.788116	0.696993	1.4233	0.0	0.655505	0.978087	0.156032	0.0542053	0.223236	0.372781	0.0502647	0.0550275
TraesCS2B02G245300	2.727279	0.876079	2.05899	0.959952	1.44516	0.902453	1.650053	1.62572	2.910928	2.789797	1.443761	0.901363	5.43012	5.099315	1.59044	1.60852	1.32309	7.53025	8.79255	1.44983	5.46915	5.55684	6.692009	2.11584	3.92552	5.64714	1.30127	2.179379	3.91838	1.89233	1.7088	1.861406
TraesCS2B02G255800	0.717907	0.340076	0.787984	0.222269	0.795771	0.250132	0.541619	0.351257	0.748711	0.351412	0.691548	0.356073	0.899939	0.743707	0.245153	0.617887	0.447078	0.461405	0.714938	0.363657	0.545999	0.591678	1.19436	0.672588	0.84618	0.857798	0.540887	0.494404	0.59218	0.588134	0.408358	0.652315
TraesCS2B02G533700	0.0	0.0	0.0	0.0368443	0.0420517	0.063183	0.0	0.165253	0.0	0.0158389	0.0	0.0	0.0288765	0.0	0.0	0.0	0.163626	0.0	0.0	0.0	0.0	0.0	0.0537837	0.0	0.0	0.0	0.0	0.0	0.0	0.0946357	0.0	0.0897896
TraesCS2B02G545100	3.1122	2.44121	5.79983	4.99207	6.8461	3.82056	4.92914	3.00251	4.76834	1.962	4.8442	2.04188	8.3054	7.67274	10.1719	3.92738	3.95625	7.87563	7.10359	5.20868	6.03297	6.31958	5.96327	7.37955	7.36102	6.25135	6.07907	6.02473	5.48193	5.13823	2.31186	5.80899
TraesCS2B02G611600	0.698342	0.0525957	0.439143	0.0371624	0.743847	0.0386733	0.0289273	0.0	0.140503	0.146739	0.769205	0.0	2.02778	1.86826	0.0274375	1.11568	0.0253028	2.08001	1.44438	0.174743	1.31122	1.23705	1.79841	0.0834233	1.39567	1.33251	0.240009	0.160285	0.46494	0.833536	0.0660014	0.0542422
TraesCS2D02G225500	1.77352	0.569171	0.844738	0.897521	0.78437	1.5559	0.568878	1.63216	1.46876	3.07097	0.684662	0.957203	2.83274	3.90848	1.36955	1.66832	2.37585	3.29282	4.3986	1.63828	2.41435	2.63851	3.18061	1.77377	2.87208	2.71981	2.21108	1.53483	2.5094	1.19666	2.15012	1.43186
TraesCS2D02G506100	0.1201931	0.1325	0.1134	0.14272	0.0304835	0.0276059	0.0864256	0.0724159	0.0	0.0158389	0.1610984	0.0	0.0288765	0.0606801	0.0	0.103411	0.254658	0.0	0.0916244	0.0	0.0637734	0.0381079	0.0537837	0.0760917	0.0	0.119432	0.0	0.10545	0.0319788	0.174862	0.161369	0.0842301
TraesCS2D02G518100	2.38286	0.294208	3.33699	0.88738	1.02105	0.196907	2.84596	0.282268	3.29118	0.456243	2.69841	0.4443	6.6006	6.8636	2.85626	3.00243	0.484892	8.24002	6.32363	1.12358	4.16146	4.90941	5.34347	2.01388	5.22412	5.34108	2.22709	2.43269	3.38995	3.84827	0.331379	0.341391
TraesCS2D02G586500	0.686205	0.0	0.957233	0.0	0.237636	0.0233458	1.7428	0.0435088	0.375141	0.0777439	1.10692	0.0	2.55959	1.74849	0.0659195	1.18363	0.0	1.45716	1.62779	0.0592237	1.19946	1.08191	2.53473	0.0	1.57304	1.71485	0.11208	0.160618	0.789555	1.00078	0.0602577	0.0651707
TraesCS3A02G007100	15.9025	0.0	22.0382	0.0	10.0289	0.0389819	14.9937	0.0924961	19.7116	0.0193281	18.508	0.0750307	21.1399	23.3253	0.0	22.7058	0.0	21.3233	23.9041	0.0	20.3019	19.9649	31.9512	0.0	18.8796	23.8854	0.0	0.0	18.3522	20.543	0.0332745	0.0273324
TraesCS3A02G019600	2.64879	4.98304	2.60668	3.69297	0.857789	1.16968	1.93581	1.35061	3.50273	19.3505	1.98971	1.72533	4.16508	3.0867	7.96925	6.48102	1.73057	2.59318	2.87216	17.5203	2.49485	1.74498	3.10409	3.65745	4.15605	2.68379	13.0326	13.836	4.62237	6.21814	17.8402	1.14674
TraesCS3A02G196000	0.0	0.0	0.0	0.0	0.0	0.0	0.0	0.0	0.0	0.0	0.0	0.0	0.0	0.0	0.0	0.0	0.0	0.0	0.0	0.0	0.0	0.0	0.0	0.0	0.0	0.0	0.0	0.0	0.0	0.0	0.0	0.0
TraesCS3A02G331900	0.713686	0.0	1.58924	0.0	0.356776	0.0248242	0.668076	0.20709	0.0363333	0.0	2.07039	0.0	0.620576	0.472078	0.0	0.133025	0.0	0.0	0.281785	0.10721	0.273324	0.17049	0.861235	0.0	1.16648	0.70745	0.0	0.0	0.083309	0.187768	0.0	0.0
TraesCS3A02G335900	0.199716	0.0	0.210675	0.0	0.089272	0.0	0.093866	0.0	0.157588	0.0	0.0852385	0.0	0.0444807	0.09962	0.0	0.59357	0.0	0.262739	0.141333	0.0	0.0918222	0.172267	0.0965734	0.0	0.0	0.129522	0.0	0.0	0.379647	0.410175	0.0	0.0
TraesCS3A02G339800	0.0	0.0	0.0	0.0	0.0	0.0	0.0	0.0	0.0	0.0	0.0	0.0	0.0	0.0	0.0	0.0	0.0	0.0	0.0422671	0.0	0.0	0.0	0.0	0.0	0.0	0.0	0.0	0.0	0.0	0.0	0.0	0.0
TraesCS3B02G006900	12.8079	0.0	20.1159	0.0	15.3372	0.142027	14.0479	0.167728	19.7069	0.0303107	16.4231	0.103701	25.9232	25.511	0.0286104	23.1821	0.0	24.1968	23.7494	0.0	25.6343	23.368	30.035	0.0289815	27.9909	25.3916	0.0	0.0	16.3875	23.0839	0.0	0.0
TraesCS3B02G009500	0.0	0.0	0.0	0.0	0.0	0.0	0.0	0.0	0.0	0.0	0.0	0.0	0.0	0.0	0.0	0.0	0.0	0.0	0.0	0.0	0.0	0.0	0.0	0.0	0.0	0.0	0.0	0.0	0.0	0.0	0.0	0.0
TraesCS3B02G011600	14.9121	0.0	23.5578	0.0	17.7532	0.0674159	15.3513	0.0	17.4709	0.0287342	20.7377	0.0	28.3935	27.1134	0.0	24.0335	0.0	24.6286	26.8813	0.0	24.1276	23.3304	29.566	0.0	23.4176	24.741	0.0	0.0	14.0224	22.4549	0.0	0.0484208
TraesCS3B02G026700	8.59488	2.93018	6.51848	3.0673	2.86621	3.0019	3.97358	1.45906	5.52009	21.4825	4.70074	2.39329	7.74885	7.90265	9.04382	13.349	1.17512	5.28634	6.44491	10.8409	4.47781	3.9001	8.22801	7.4313	4.41112	5.48977	6.57763	6.22307	7.33165	11.4445	14.6544	0.807987
TraesCS3B02G227600	0.669724	0.0	0.0	0.0	0.214336	0.0	0.0	0.0	0.0	0.0	0.0	0.0	0.0427247	0.044885	0.0	0.0381356	0.0	0.0	0.0	0.0	0.0	0.0	0.0	0.0	0.275297	0.0	0.0	0.0	0.0	0.0	0.0	0.0
TraesCS3B02G362000	0.0594739	0.0	0.120173	0.0	0.0	0.0	0.0	0.0517715	0.0	0.02164	0.219603	0.0280309	0.0441953	0.0	0.0	0.0885876	0.0	0.0	0.083342	0.0	0.100551	0.0780241	0.173835	0.0	0.186812	0.066416	0.0	0.0	0.0	0.0	0.0	0.0
TraesCS3B02G366800	0.135163	0.0	0.282826	0.0	0.128742	0.0	0.297573	0.0	0.352	0.0	0.13518	0.0	0.318517	0.257373	0.0	0.155107	0.0	0.15444	0.194898	0.0	0.270529	0.20471	0.345185	0.0	0.0	0.101561	0.0	0.0	0.186795	0.281533	0.0	0.0
TraesCS3B02G371400	0.0	0.0	0.0	0.0	0.0	0.0	0.0	0.0	0.0	0.0	0.0	0.0	0.0	0.0	0.0	0.0	0.0	0.0	0.0	0.0	0.0	0.0	0.0	0.0	0.0	0.0	0.0	0.0	0.0	0.0	0.0	0.0
TraesCS3D02G003600	16.158	0.0	18.239	0.0182663	21.6244	0.0950623	11.9155	0.0225472	15.0829	0.0376908	16.3107	0.0243803	20.3331	20.6188	0.0	19.6645	0.0	19.9883	21.4213	0.0	21.1074	21.0958	28.8663	0.0	19.7616	20.1719	0.0	0.0	16.6531	18.6658	0.0	0.0266769
TraesCS3D02G027300	6.08175	7.25607	4.47061	9.1663	3.61527	10.3068	3.87982	3.45926	3.99153	21.3862	3.293	9.75025	5.43127	4.91156	13.5743	9.76158	2.57981	3.62613	4.97109	11.0193	3.84601	4.02058	5.77992	10.2722	4.95671	3.72586	11.8357	12.0035	5.71635	8.9257	18.0738	1.97907
TraesCS3D02G199100	0.0650231	0.0	0.0	0.0	0.0311751	0.0	0.0	0.0	0.034443	0.0	0.0	0.0	0.0	0.0456644	0.0	0.0	0.0	0.0	0.0	0.0	0.0	0.0	0.0	0.0	0.0	0.0902364	0.0	0.0	0.0	0.0	0.0	0.0
TraesCS3D02G325400	1.33966	0.0	2.8995	0.0	0.477105	0.0	0.341565	0.100184	0.276366	0.020937	2.65786	0.0	1.49409	1.23558	0.0	0.809231	0.0	1.23296	0.829802	0.0	1.04718	0.791745	3.2276	0.0	1.71397	2.04568	0.0	0.0	0.826039	0.641415	0.0	0.0
TraesCS3D02G328900	0.174788	0.0	0.0341364	0.0	0.0716549	0.0	0.0	0.0	0.0404228	0.0228719	0.0870748	0.0	0.272739	0.254884	0.0	0.130924	0.0	0.134021	0.397034	0.0	0.327955	0.102927	0.19799	0.0	0.136688	0.176191	0.030362	0.0	0.0228252	0.0	0.0	0.0
TraesCS3D02G333300	0.0	0.0	0.0	0.0	0.0	0.0	0.0	0.0	0.0	0.0	0.0	0.0	0.0	0.0	0.0	0.0	0.0	0.0	0.0	0.0	0.0	0.0	0.0523094	0.0	0.0	0.0	0.0	0.0	0.0	0.0	0.0	0.0
TraesCS4A02G386700	0.0	0.0	0.0	0.0	0.0	0.0	0.0	0.0	0.0	0.0	0.0	0.0	0.0	0.0	0.0	0.0	0.0	0.0	0.0	0.0	0.0	0.0	0.0	0.0	0.0	0.0	0.0	0.0	0.0	0.0	0.0	0.0341212
TraesCS4A02G415600	0.4066	0.236935	0.817738	0.156173	0.400817	0.0	0.593056	0.0856555	0.638752	0.0190881	0.531816	0.0231434	0.733184	0.346877	0.128413	0.547052	0.320099	0.695962	0.946734	0.21802	1.08728	0.846676	1.07438	0.164513	1.46305	1.25936	0.269919	0.086554	0.933954	0.715349	0.232786	0.304622
TraesCS4A02G464100	0.0680976	0.595734	0.160258	0.882266	0.07124	2.4064	0.0531548	1.3121	0.148681	0.589982	0.133046	0.522276	0.0	0.10371	1.3454	0.0523641	0.901007	0.0	0.039263	1.98055	0.204863	0.132606	0.200825	3.79972	0.425019	0.0	0.883726	0.624517	0.0846786	0.0405131	1.19319	0.970661
TraesCS4A02G464200	0.103336	0.0	0.089791	0.0	0.103957	0.139961	0.250448	0.0995831	0.338023	1.94784	0.300176	0.0	0.0473245	0.284826	0.194315	0.249867	0.0	1.15311	1.01097	1.94341	0.223195	0.496402	0.614926	0.0	0.42768	0.283401	0.972509	0.827235	0.277239	0.206108	0.898212	0.0
TraesCS4A02G472400	1.5336	17.4784	3.05627	4.52699	3.09436	5.62154	2.75763	2.14997	2.73198	0.73789	2.41932	7.69475	1.03478	0.932098	8.05078	1.53308	10.9353	2.0466	1.55271	4.35857	1.03808	0.701046	1.55991	10.8529	1.07499	0.892127	5.04191	5.46124	2.86346	1.19876	17.1253	11.2563
TraesCS4B02G028400	0.0	0.0	0.0	0.0	0.0	0.0	0.0	0.0	0.0	0.0	0.0	0.0	0.0	0.0	0.0	0.0	0.0	0.0	0.0	0.0	0.0	0.0	0.0	0.0	0.0	0.0	0.0	0.0	0.0	0.0	0.0	0.0
TraesCS4B02G086600	0.0	0.0	0.0	0.0	0.0	0.0	0.0	0.0	0.0	0.0	0.0	0.0	0.0	0.0	0.0	0.0	0.0	0.0	0.0	0.0	0.0	0.0	0.0	0.0	0.0	0.0	0.0	0.0	0.0	0.0	0.0	0.0
TraesCS4B02G262500	0.0	0.0	0.0	0.0	0.0	0.0	0.0	0.0	0.0	0.0	0.0	0.0	0.0	0.0	0.0	0.0	0.0	0.0	0.0	0.0	0.0	0.0	0.0	0.0	0.0	0.0	0.0	0.0	0.0	0.0	0.0	0.0
TraesCS4B02G316400	2.981335	0.051767	5.152248999999999	0.0883025	5.837870000000001	0.228211	4.870363	0.0341031	4.615828	0.267711	2.998275	0.147453	4.646415999999999	3.812952	0.405188	4.974025999999999	0.400408	3.0338640000000003	3.1575640000000003	0.573592	2.85524	2.491496	6.18065	0.493672	4.8030519	6.523960000000001	0.797429	0.426502	5.591542	3.822015	0.868299	0.86165
TraesCS4D02G313000	1.75769	0.249097	1.5904	0.156868	2.10846	0.220636	2.53722	0.112055	2.76727	0.0398918	0.807369	0.18304	3.29015	3.22591	0.279265	2.83691	0.344501	4.25638	3.06923	0.570389	2.2914	1.74119	3.65391	0.906553	4.55614	4.55017	0.0532677	0.178923	2.36308	2.36585	0.623656	0.549701
TraesCS5A02G015800	0.79466	0.0	1.98916	0.0	0.818953	0.0	1.28142	0.0	0.0	0.0	0.0302715	0.0	0.421985	0.730899	0.0	0.283469	0.0	0.713223	0.531606	0.0	0.698948	0.738097	1.13362	0.0	0.868007	0.83763	0.0	0.0	1.09842	0.636812	0.0	0.0
TraesCS5A02G220400	3.288955	0.115076	6.395444	0.146673	2.397226	0.0849989	5.464698	0.0913048	0.0651283	0.0246575	0.123182	0.0	4.355405	3.997369	0.124179	3.082601	0.1529734	3.358804	3.721413	0.0	3.55241	3.333671	4.8515049999999995	0.0501583	3.13348	4.2437249999999995	0.0385051	0.0355867	2.2982389999999997	2.7463770000000003	0.0879161	0.133539
TraesCS5A02G220500	23.6025	2.361368	39.5612	2.03117	29.636	1.010752	42.2237	1.46826	0.0816211	0.0	0.0	0.0	41.6207	39.4178	1.38073	26.0495	1.4893787	31.3649	36.4332	1.03216	38.1655	37.098	64.72324	1.44902	44.6116	47.7821	0.447878	0.669474	24.0813	19.5046	1.67693	2.08569
TraesCS5B02G014100	3.00634	0.0526199	3.07689	0.0	0.0	0.0	0.0	0.0	1.32988	0.0	4.67972	0.0	1.48085	1.01968	0.0	1.4101	0.0405279	0.756433	1.13858	0.0	1.19586	1.24652	1.43225	0.0868876	1.79915	1.11017	0.0	0.0	1.49204	1.23768	0.0	0.0
TraesCS5B02G219500	6.25887	2.67505	3.519	2.5898	0.0	0.0	0.0	0.0	3.51878	0.972493	10.0335	5.36535	4.27179	4.96776	3.96808	4.69514	1.5019	3.32639	4.56304	1.22981	4.98366	3.41765	3.97694	1.82553	2.82551	4.21244	2.80688	2.27348	1.98262	3.98523	1.65693	0.559819
TraesCS5B02G219600	31.9041	1.95587	16.7403	1.82016	0.0	0.0	0.0	0.0520032	21.6536	0.927263	42.4201	1.84253	26.805	28.3637	2.44291	16.2684	2.22716	28.5276	26.1166	1.12005	33.7442	33.0459	27.9948	0.76595	25.505	29.5407	1.13806	1.30476	14.9791	14.9838	0.760605	2.10514
TraesCS5D02G021800	0.0371424	0.0	0.0	0.0	12.2297	0.752501	3.86599	1.00377	3.22968	0.0289505	4.7434	0.263369	1.95605	2.77617	0.608642	1.92713	1.01126	1.83454	2.6057	0.0	6.16497	5.35696	1.86458	1.34429	1.5186	1.27372	0.113966	0.0792044	2.73796	1.29464	0.176338	0.842622
TraesCS5D02G228400	0.21667	0.0	0.0	0.0	9.43183	1.53777	3.9388	0.938081	6.65405	3.69558	5.88339	1.28846	4.18496	3.97369	7.6753	4.42046	2.46278	7.05316	5.29963	2.75096	5.67489	5.22019	7.7395	4.70446	4.84357	4.82128	5.45833	5.62101	2.54094	4.55768	1.33947	2.00901
TraesCS5D02G228500	0.878078	0.0	0.0598892	0.0	76.6855	0.77828	29.0615	0.332455	59.2021	0.407925	33.7571	0.223143	29.9463	27.3539	0.346132	25.1756	0.521577	27.8694	28.1974	0.0	36.875	33.4996	33.8665	0.0803303	32.987	30.1387	0.268909	0.0960945	23.793	24.3477	0.0435085	0.476334
TraesCS6A02G008700	3.46286	5.52841	4.77962	2.74277	4.26935	1.97368	5.63406	6.08639	3.80357	0.793321	4.71396	2.94036	7.99901	6.79892	3.03324	5.08572	4.44322	5.32699	5.83286	1.88611	4.36661	5.17355	3.813	2.07127	5.35067	6.44341	1.71783	2.03232	4.07048	4.29574	2.08714	2.40978
TraesCS6A02G008800	0.6239218	0.9181912999999999	0.9352539	0.29656041	0.8219076	0.21203317000000002	1.24695	0.514222288765	1.0876559000000001	0.0	0.9072606	0.13822709000000002	2.334188966	1.8010027000000002	0.10023467999999999	0.959054	0.30718281000000003	2.499524	1.96118034	0.16886105	1.1312133	1.4212138	3.2444544	0.16112792	1.2280968	1.777480182	0.0	0.0	0.92134598	0.69858544	0.21585953	0.257778
TraesCS6A02G009400	2.5419	0.117177	1.14982	0.0249173	0.871073	0.206673	0.783714	0.0	1.24854	0.0	1.63779	0.0668791	3.66872	3.2971	0.0727184	2.41487	0.0336166	1.49048	1.12615	0.0	2.18143	1.41069	2.34769	0.256937	1.34249	2.54674	0.102051	0.0354589	1.80574	2.11496	0.0893645	0.10785
TraesCS6A02G039800	0.0	0.0	0.0	0.0219298	0.0	0.0	0.0	0.0	0.0	0.0	0.0	0.0	0.0	0.0	0.0	0.0	0.0	0.191818	0.0	0.0	0.0	0.0	0.0	0.0	0.0	0.0	0.0	0.0	0.0	0.0	0.0	0.0
TraesCS6A02G271500	1.45122	0.0709589	1.6627	0.0940503	2.17723	0.0391729	1.95324	0.0930723	3.12258	0.136107	1.95598	0.0251051	2.60503	2.43331	0.0555382	2.42366	0.179547	3.4809	2.43686	0.0859645	3.63439	3.63817	2.27788	0.0563612	2.49709	2.73805	0.0519946	0.0810623	1.94272	2.84826	0.0668122	0.137541
TraesCS6A02G329600	0.447876	0.0	0.302448	0.0	0.634842	0.0357027	1.64443	0.0822624	0.805295	0.299635	0.429384	0.0	0.690659	0.519227	0.0	0.659161	0.0	0.202161	0.470735	0.033807	0.407595	0.490855	0.642418	0.0	0.990073	0.973261	0.0	0.0	1.7875	0.993822	0.0	0.0
TraesCS6A02G329700	0.0	0.0	0.0297787	0.0	0.035787	0.0	0.069499	0.0	0.0	0.0	0.0317644	0.0	0.0	0.0	0.0	0.0	0.0	0.0	0.0	0.0	0.0	0.0	0.0	0.0	0.155622	0.0	0.0	0.0	0.0	0.0	0.0	0.0
TraesCS6A02G329800	8.45974	0.0	4.81861	0.0	3.57363	0.0	6.13133	0.0244351	6.3054	0.0408512	2.19063	0.0	12.0826	10.5655	0.0	9.23127	0.0	6.74664	8.92134	0.0	8.28571	7.12156	11.8414	0.0	10.0319	9.55298	0.0	0.0	7.18058	9.39388	0.0	0.0
TraesCS6A02G329900	0.541615	0.0	19.678559999999997	0.0242369	16.31261	0.0957776	22.02475	0.119868	5.21321	0.0	17.56604	0.0	0.63442	0.975461	0.0	0.677911	0.0	0.595118	0.13826	0.0	0.255534	0.373038	0.85563042	0.0	0.52413	0.265902	0.0	0.0	1.759048	0.459418	0.0	0.0
TraesCS6A02G330000	5.18925	0.0	5.93686	0.0	5.21899	0.0696193	6.13994	0.116698	8.4751	0.0	4.63253	0.0	5.03574	4.66147	0.0	10.317	0.0	3.21762	4.53674	0.0	1.33524	1.62246	5.48787	0.0	7.68131	9.45288	0.0424152	0.0442213	7.18459	7.53993	0.0284337	0.0
TraesCS6A02G330100	29.6429	0.0194662	45.8204	0.144801	31.6241	0.237549	52.3983	0.127494	37.5262	0.148997	34.0302	0.0551712	32.3659	32.448	0.0606306	48.6574	0.0280082	28.0059	30.7443	0.495161	19.3605	17.3075	41.0848	0.0	39.1592	40.4904	0.566402	0.590579	38.7578	48.6091	0.0917583	0.104138
TraesCS6B02G015400	0.283201	0.49208399999999997	0.326044	0.357941	0.794538	0.171414	0.4955301	0.327712	0.6895	0.251153	0.5828	0.361223	0.528822	0.23224	0.538691	1.028055	0.493672	0.586224	1.18908	0.0967685	0.817251	0.799006	1.2793624	0.415851	0.786676	0.482151	0.110071	0.371978	0.618332	0.757671	0.201839	0.387336
TraesCS6B02G298700	0.566186	58.7834	2.07302	98.3992	0.700899	64.4327	0.717153	77.7882	0.897555	11.1606	1.36897	99.3652	0.443102	0.319741	33.922	0.768339	47.1478	0.599477	0.55436	3.85967	0.804841	0.725818	0.533735	42.1026	0.395982	0.559108	9.07724	8.16301	1.08275	1.60536	76.7671	46.9874
TraesCS6B02G360400	0.0860269	0.0819781	0.527124	0.0	0.336927	0.0	0.391605	0.219978	0.0	0.134839	0.3904	0.116484	0.227595	0.165867	0.0	0.0	0.0	0.74155	0.586619	0.0	0.254544	0.126969	0.737644	0.0	0.35514	0.4669	0.0298555	0.0	0.161298	0.0	0.0	0.0
TraesCS6B02G360500	0.0	0.0	0.0	0.0	0.0	0.0	0.0	0.0	0.0	0.0	0.0	0.0	0.0	0.0	0.0	0.0	0.0	0.0	0.0	0.0	0.0	0.0	0.0	0.0	0.0	0.0	0.0	0.0	0.0	0.0	0.0	0.0
TraesCS6B02G360600	4.07629	0.0	3.02958	0.0	2.44978	0.0	3.89657	0.0	2.85898	0.0	0.882199	0.0	7.91715	7.93672	0.0	10.9515	0.0	6.12554	5.06466	0.0	3.57712	3.79012	11.3939	0.0	8.91571	9.8848	9.14034e-05	0.0	5.99268	6.46834	0.0	0.0348779
TraesCS6B02G360700	0.0	0.0	0.820467	0.0	0.618188	0.0	0.632208	0.0	0.237462	0.0	0.296912	0.0	0.0	0.0519785	0.0	0.0	0.0	0.0	0.0456539	0.0	0.0	0.0417816	0.0	0.0	0.185679	0.0525388	0.0	0.0	0.128478	0.0	0.0	0.0
TraesCS6B02G360800	8.20492	0.0	5.16242	0.0	4.5255	0.0221258	7.02528	0.0	8.75207	0.0	2.54242	0.0	6.09024	7.01239	0.0	13.4412	0.0	4.91461	4.43368	0.0	1.51937	1.78875	6.61948	0.0	7.96314	8.79709	0.087737	0.0609639	9.94177	9.70493	0.037977	0.0
TraesCS6B02G360900	11.873011	0.0	27.77131	0.0	15.633244	0.0	35.09698	0.0	21.787723	0.0	16.566663	0.0	9.73908	12.51437	0.0	35.09533	0.0	9.608742999999999	9.456454	0.0	4.136833	4.002154	11.13368	0.0	11.72992	13.92463	0.0	0.0	18.206103000000002	30.67316	0.0118659	0.0609062
TraesCS6D02G009800	0.567498	0.22119	0.9133706	0.121979	1.21325	0.0707134	1.20355	0.2401812	1.1123	0.0234617	1.16127	0.103189	2.053333	2.16725	0.335526	1.19913	0.101255	2.43039	2.1107174	0.0627552	1.20718	1.6514900163453998	2.38451	0.279924	2.62758	2.72146	0.0622195	0.0365158	0.656918	1.01562	0.106546	0.0369469
TraesCS6D02G009900	2.344127	2.233999	2.923413	1.64262	4.44013	0.6410151999999999	5.04575	1.6508625000000001	4.38717	1.25559	4.167223	0.840102	5.52873	4.407677	2.1345	4.647774	2.8829000000000002	3.48814	4.92287	1.2967	2.82545	3.9089	3.8130261588	1.76486	6.243008	4.99541	1.081447	1.10084	3.14008	3.6515229999999996	1.36118	2.850991
TraesCS6D02G045700	2.6018	0.0615274	3.06242	0.391888	2.80861	0.203528	2.9775	0.188302	2.47364	0.337343	2.8795	0.349709	3.54717	3.5078	0.127825	4.71884	0.206558	4.55823	4.19242	0.228426	3.03589	2.31843	6.79873	0.258584	4.4394	4.24189	0.179258	0.0934191	2.85782	4.04723	0.268341	0.252738
TraesCS6D02G251700	0.522024	80.3671	1.69747	103.71	0.694009	74.8574	0.720016	79.6669	0.559097	13.4517	1.75013	120.093	0.8786	0.846527	55.9365	0.828659	59.965	0.893847	0.84497	6.29463	1.02112	0.919758	0.596967	90.6306	0.870637	0.862721	12.2353	12.0049	1.02899	1.61957	75.9594	70.4022
TraesCS6D02G308500	0.0895083	0.0	1.12132	0.0	0.487736	0.0326216	0.969085	0.547874	0.443518	0.771679	1.27499	0.0	0.176328	0.0464238	0.0	0.0775537	0.0	0.181012	0.0435651	0.0	0.0972423	0.0424634	0.274522	0.0	0.266016	0.214737	0.0	0.0	0.323772	0.0375909	0.0	0.0
TraesCS6D02G308600	0.0	0.0	0.0272207	0.0	0.393013	0.0	0.0	0.0	0.263338	0.0	0.0931262	0.0	0.0	0.177729	0.0	0.0	0.0	0.0	0.0	0.0	0.0	0.0	0.116428	0.0	0.282966	0.172264	0.0	0.0	0.819062	0.0	0.0	0.0
TraesCS6D02G308700	20.1006	0.0	6.30198	0.0	10.0116	0.0	13.6477	0.0299913	15.4688	0.0	3.54489	0.0	23.262	20.2971	0.0	26.0904	0.0	14.3196	17.4643	0.0	12.2263	12.4623	32.5053	0.0	23.3749	23.8589	0.0330589	0.0	20.2804	19.4373	0.0	0.0
TraesCS6D02G308800	0.0751551	0.0	2.86918	0.0	2.62794	0.0	3.48328	0.0	1.17375	0.0295873	3.48396	0.0	0.0616548	0.115524	0.0	0.324886	0.0	0.176396	0.0	0.0	0.179722	0.0484975	0.172147	0.0	0.435393	0.192249	0.0	0.0	0.272753	0.144312	0.0	0.0
TraesCS6D02G308900	1.45888	0.0	1.17163	0.0	0.845165	0.0	1.49969	0.0	1.58692	0.0	1.11062	0.0	0.321065	0.602145	0.0	0.946158	0.0	0.541007	0.568	0.0	0.379441	0.283222	1.35805	0.0	1.12286	0.374309	0.0	0.0	1.8605	1.0114	0.0	0.0
TraesCS6D02G309000	24.6288	0.0	28.3416	0.0953398	25.2359	0.167303	37.3395	0.0884002	30.6084	0.0739166	23.4916	0.0319585	29.518	27.7214	0.0	37.7084	0.0	25.2908	25.9947	0.0	16.9283	17.7392	37.837	0.105616	33.1251	35.5913	0.0	0.0	37.3963	40.1693	0.0	0.0344563
TraesCS7A02G020400	0.762171	1.9128	2.19698	0.406044	1.50586	0.393144	1.27046	0.802865	1.24263	0.739155	0.990531	0.528947	0.667371	0.457371	0.479005	1.29023	1.43674	0.541282	0.858582	0.78406	0.532368	0.633311	0.394582	0.527896	0.520294	0.550144	0.957757	0.890594	0.80809	0.79555	1.68337	1.74536
TraesCS7A02G024800	0.680753	0.518715	0.558925	0.333832	1.04443	0.0994524	0.767602	0.429209	0.741441	3.18416	1.03392	0.247935	0.637822	0.475016	0.376087	0.949423	0.483543	1.40854	1.62144	1.38897	1.73976	1.41394	1.33487	0.212336	0.589558	1.10098	1.71955	1.57629	1.56914	0.894961	1.20729	1.03803
TraesCS7A02G024900	0.13108	0.618752	3.41185e-06	0.254492	0.342583	1.69996	0.201215	0.710491	0.156906	0.330798	0.306243	0.200806	0.392107	0.342579	0.777471	0.227639	0.82028	0.299979	0.447343	0.519621	0.0652024	0.127785	0.51313	1.1294	0.202403	0.443814	0.270084	0.472887	0.356965	0.163839	0.965039	0.935438
TraesCS7A02G087800	0.0	0.0452477	0.0	0.0721315	0.0	0.174589	0.0	0.0297267	0.0	0.0248566	0.0315568	0.0322441	0.0459245	0.0	1.37053	0.0	0.194878	0.0	0.0	0.466708	0.0	0.0	0.0	0.887383	0.0	0.0	0.558817	0.308376	0.02487	0.0	0.0	0.41694
TraesCS7A02G169100	129.084	27.5909	124.658	37.3365	127.371	33.639	130.153	11.3566	134.646	0.29278	120.18	49.9066	126.87	119.106	16.5294	87.6856	37.1206	145.488	140.766	1.08741	112.222	104.609	253.556	53.1016	157.84	174.511	5.59481	5.32449	138.801	64.7931	26.0104	32.1784
TraesCS7A02G281700	0.0975008	0.0	0.0	0.0	0.0512539	0.0	0.0	0.0	0.11444	0.0	0.0	0.0	0.208915	0.0	0.0	0.187305	0.0	0.437913	0.165085	0.0	0.0	0.124424	0.129108	0.0	0.0	0.0	0.0	0.0	0.0393925	0.170562	0.0	0.0
TraesCS7A02G300400	0.0	0.0	0.0	0.0	0.0	0.0	0.0	0.0	0.0	0.0	0.0	0.0	0.0	0.0	0.0	0.0	0.0	0.0	0.0	0.0	0.0	0.0	0.0	0.0	0.0	0.0	0.0	0.0	0.0	0.0	0.0	0.0
TraesCS7A02G409900	7.4801	5.09088	6.30224	2.93366	9.40853	3.19446	7.04774	5.16705	13.1934	0.987233	6.99042	3.7256	8.70239	9.10656	2.46083	10.5547	4.59459	8.34189	8.33615	1.11633	6.92633	8.10187	7.88463	3.43991	9.10798	9.01384	2.49326	2.56115	11.2114	11.0417	4.58961	4.21695
TraesCS7A02G477400	0.0	0.0	0.0	0.0	0.0	0.0	0.0	0.0	0.0	0.0	0.0	0.0	0.0	0.0	0.0	0.0	0.0	0.0	0.0	0.0	0.0	0.0	0.0	0.0	0.0	0.0	0.0	0.0	0.0	0.0	0.0	0.0
TraesCS7A02G477500	0.226799	0.0	1.67642	0.0	0.846606	0.0	1.03327	0.0304847	0.374517	0.0	4.143	0.0	0.188156	0.543608	0.0	0.0420228	0.0	0.148372	0.224689	0.0	0.415572	0.800452	0.483879	0.0	0.151378	0.0975583	0.0	0.0	0.204211	0.0	0.0	0.0
TraesCS7A02G490000	0.0	0.0198986	0.0	0.0	0.0	0.0	0.030471	0.0	0.0	0.0	0.0276684	0.0	0.0405345	0.0	0.0310328	0.0	0.0286481	0.0	0.0	0.0	0.0	0.0	0.0	0.0	0.0	0.0	0.0580173	0.0	0.0	0.0	0.0	0.0
TraesCS7A02G526900	0.035939	0.0	0.0338551	0.0	0.0	0.0	0.0396221	0.0	0.0	0.0	0.0360063	0.0	0.0	0.0	0.0	0.0465059	0.0	0.163763	0.0826655	0.0	0.0	0.0	0.0	0.0	0.0	0.0538567	0.0	0.0	0.0	0.0	0.0	0.0
TraesCS7B02G073900	116.429	43.8368	83.5262	47.9467	115.765	49.0253	112.98	26.714	125.893	0.794291	103.17	70.5887	76.3537	71.8197	27.939	63.174	53.521	92.4022	97.0795	4.99014	74.558	73.7494	161.793	74.495	116.938	119.944	15.8378	14.6862	123.095	45.4807	50.8165	46.5948
TraesCS7B02G201300	0.0	0.0	0.0	0.0	0.0	0.0	0.0	0.0	0.0	0.0	0.0	0.0	0.0	0.0	0.0	0.0	0.0	0.0	0.0	0.0	0.0	0.0	0.0	0.0	0.0	0.0	0.0	0.0	0.0	0.0	0.0	0.0
TraesCS7B02G309300	7.473769000000001	3.5486899999999997	4.085502	2.5626700455742997	5.966836000000001	2.736868	5.169285	3.8438299999999996	12.55773	1.472698	5.07203	3.302867	10.92928	11.02802	2.975318	11.64212	3.7397020000000003	7.947150000000001	8.24289	2.21270074	7.93463	8.00564	9.247036	3.823829	9.59449	9.489840000000001	2.013636	2.7534720000000004	8.50707	11.523340000000001	4.746930000000001	3.803999
TraesCS7B02G379000	0.0	0.0	0.0	0.0	0.0	0.0	0.0	0.0	0.0	0.0	0.0	0.0	0.0	0.0	0.0	0.0	0.0	0.0	0.0	0.0	0.0	0.0	0.0	0.0	0.0	0.0	0.0	0.0	0.0	0.0	0.0	0.0
TraesCS7B02G379300	0.0	0.0	0.0	0.0	0.0	0.0	0.0	0.0	0.0	0.0	0.0	0.0	0.0	0.0	0.0	0.0	0.0	0.0	0.0	0.0	0.0	0.0	0.0	0.0	0.0	0.0	0.0	0.0	0.0	0.0	0.0	0.0
TraesCS7B02G379400	0.0	0.0	0.0	0.0	0.0	0.0	0.0	0.0	0.0	0.0	0.0	0.0	0.0	0.0	0.0	0.0	0.0	0.0	0.0	0.0	0.0	0.0	0.0	0.0	0.0	0.0	0.0	0.0	0.0	0.0	0.0	0.0
TraesCS7B02G393200	0.0	0.0	0.0	0.0	0.0273125	0.0	0.0	0.0	0.0	0.0	0.0	0.0	0.0	0.0402222	0.0	0.0	0.0	0.0	0.0	0.0	0.0	0.0	0.0	0.0	0.0	0.0	0.0	0.0	0.0	0.0	0.0	0.0
TraesCS7D02G022700	0.0	0.270634	0.0	0.0256794	0.0329178	0.0291486	0.0810293	0.208416	0.0	2.72643	0.0705144	0.0413224	0.0457846	0.0	0.333877	0.100605	0.0345388	0.0	0.177734	1.82646	0.0518633	0.0	0.0	0.0707785	0.0	0.0783564	1.27265	1.59885	0.0519589	0.0578507	1.95976	0.0357941
TraesCS7D02G022800	0.0	0.0277178	0.0310607	0.195	0.0	0.694494	0.0	0.0946059	0.0797032	0.212365	0.156468	0.0	0.131994	0.0575652	0.0	0.190714	0.0954982	0.0	0.0451079	0.288146	0.0	0.0	0.0942929	0.203605	0.0	0.0	0.310475	0.27586	0.131082	0.110313	0.215987	0.0
TraesCS7D02G082900	0.0	0.0	0.0	0.0	0.0	0.0	0.0	0.0	0.0	0.0	0.0	0.0	0.0	0.0	0.0	0.0	0.0	0.0	0.0	0.0	0.0	0.0	0.0	0.0	0.0	0.0	0.0	0.0	0.0	0.0	0.0	0.0
TraesCS7D02G170200	139.51	44.2107	105.158	55.8577	143.462	49.3501	132.6	27.446	157.472	0.329015	113.188	67.5156	123.022	118.289	36.5717	110.505	90.192	133.307	146.246	4.6699	103.643	105.454	248.636	80.499	162.061	176.44	12.127	11.6344	149.686	85.4204	57.1997	96.2196
TraesCS7D02G296100	0.0	0.0	0.0	0.0	0.0	0.0	0.0	0.0	0.0	0.0	0.0	0.0	0.0	0.0	0.0	0.0	0.0	0.0	0.0	0.0	0.0	0.0	0.0	0.0	0.0	0.0	0.0	0.0	0.0	0.0	0.0	0.0
TraesCS7D02G403100	6.65454	3.19924	4.0174	3.63191	5.9324	4.02749	5.04929	3.68256	10.3206	2.32039	4.65096	3.98036	7.8435	8.49871	3.91786	7.06236	4.276117	7.84658	6.93565	2.64136665	5.59436	6.37515	9.38531	5.951571	8.11974	7.51343	2.58799	2.74366	8.24741	7.93269	7.19146	5.540336
TraesCS7D02G464900	0.0	0.0	0.0	0.0	0.0	0.0	0.0	0.0	0.0	0.0	0.0	0.0	0.0	0.0	0.0	0.0	0.0	0.0	0.0	0.0	0.0	0.0	0.0	0.0	0.0	0.0	0.0	0.0	0.0	0.0	0.0	0.0
TraesCS7D02G472200	0.0	0.0	0.0341027	0.0	0.0	0.0	0.0	0.0	0.0	0.0	0.0362738	0.0	0.0	0.0	0.0	0.0	0.0	0.0	0.0	0.0	0.0	0.0	0.0	0.0	0.0	0.0	0.0	0.0	0.0	0.0	0.0	0.0
TraesCS7D02G476400	0.0	0.0	0.0	0.0220258	0.0	0.0	0.0	0.0	0.0	0.0	0.0	0.0	0.0	0.0	0.0	0.0	0.0	0.0	0.0	0.0	0.0	0.0	0.0	0.0	0.0	0.0	0.0	0.0	0.0	0.0	0.0	0.0
