DRR003148,DRR003149,DRR003150,DRR003151,DRR003152,DRR003153,DRR003154,DRR003155,DRR003156,DRR003157,DRR003158,DRR003159
TraesCS1A02G019700,0,0,0,0,0,0,0,0,0,0,0,0
TraesCS1A02G095600,8.05362052593226,4.90905326345719,7.16044311113084,5.81157903572301,4.54763709957956,8.78669400059997,2.24706550414951,0.997354333624014,2.09305221152205,0.96197562687101,1.12269886127512,2.98240362707913
TraesCS1A02G164700,1.98132651176871,1.5815248915777,2.6225171459649,1.38261198312205,1.35239009702009,0.67938355674742,7.29717148254738,9.76790326745169,9.44031280969997,8.1817514656555,4.55734718172248,5.7649554647148
TraesCS1A02G256700,0,0,0,0,0,0,0,0,0,0,0,0
TraesCS1A02G310300,0.669646939517649,0,0.344693988019777,0,0.639911411760726,0,0,0,0,0,0,0
TraesCS2A02G219600,66.6550306271325,74.0437043892115,60.0425047917687,107.077503909636,109.57095835192,85.232201559288,1.94832269145911,2.52221110381796,1.89040120260301,3.82288002007988,2.12939632286648,2.6936448943995
TraesCS2A02G219700,2.82008322291365,4.50206645584848,4.56220069249947,5.41176443870589,1.92489859737269,1.45048140141966,4.45126695612889,7.31734654162887,4.22295934092857,1.76444539044573,1.85331800283861,2.18811711451146
TraesCS2A02G231600,0,0,0.314929326101635,0,0,0.367132061306405,6.00886597209897,4.72284781938948,6.99627480174502,4.01939676965603,2.34547115865277,2.07688274866234
TraesCS2A02G300300,0,0,0,0,0,0,0.52419879568029,0,0.406891954028392,0,0,0
TraesCS2A02G505300,0,0,0,0,0,0,0.410298022668809,0,0,0.585499468576391,0,0.907609137881657
TraesCS2A02G516300,9.36575062597647,9.30332267237622,9.28474519846071,7.20128603969759,9.28134302844364,11.2400855029785,8.09113921266722,8.82056896445749,7.27213339442279,10.0269095662487,8.24470894650874,5.1810549428096
TraesCS2A02G575700,0,0.351853014869351,0,0.384499318700799,0.601751556930958,0.377868147961581,0,0,0.300036154174606,0.551591529169157,0,0
TraesCS2A02G584400,11.9924858923545,8.52830232731642,8.97892479712669,17.3078131441122,7.98724634401542,13.0840910002316,0,0,0,0,0,0
TraesCS2A02G584600,1.80926026492413,1.51638795205638,4.19084288564408,1.65708437845352,0.864460226760784,1.08567059315486,0,0,0,0,0,0
TraesCS2A02G707500_M,0,0,0,0,0,0,2.55832884722905,6.62379538459972,6.45390862186591,4.10710656633733,1.99721097238222,4.95180867873669
TraesCS3A02G007100,25.3291285437143,18.5207732747175,15.1304171962212,22.912305642854,22.1126563016178,12.7597207867482,0.383895017793197,0.283984719141234,0.297985793212137,0.547822110974379,0.719268917388676,0.424601883126299
TraesCS3A02G019600,5.14791084754193,3.83519786207593,2.4731793640419,3.35283405907097,2.95159138674635,2.88313396894686,52.6655977535042,47.3743308471407,59.8482116732086,72.7494067821202,62.3624133098917,56.3860685744647
TraesCS3A02G196000,0,0,0,0,0,0,0,0,0,0,0,0
TraesCS3A02G298500,0,0,0.430539330047551,1.02142697915338,0.799280057340131,0.50190559790175,2.05367753616102,0.75959964480123,1.19557437824946,1.09898205659293,0.641297902480079,0
TraesCS3A02G331900,12.1328761244039,5.68582434292083,8.86426164487068,7.64723377692594,12.7161298359865,7.98505691430147,0,0.355436327022101,0,2.05696855353744,0.90023964286138,0.531433290641327
TraesCS3A02G335900,0,0.40054285765806,0.368993564198717,0,0.685022660109394,0,0.880051764027224,0,1.70777758773013,1.25584285492299,0.82443617423924,0.48668466499333
TraesCS3A02G339800,0,0,0,0,0,0,0,0,0,0,0,0
TraesCS4A02G041500,0,0,0,0,0,0,0,0,0,0,0,0
TraesCS4A02G271100,0.787443341880218,1.1732918889716,0.540437992688752,0.32053862897428,0,0.315010540174473,11.6005293713263,17.4012586889467,14.2571673107979,15.8643208064292,8.25119263484945,10.3357678280706
TraesCS4A02G284700,0,0,0,0,0,0,0,0,0,0,0,0
TraesCS4A02G415600,2.62732292059556,4.24094181452309,3.00530643462219,3.20845364504399,2.51065721360668,2.45242655519138,0.358383652974404,1.85578956283044,1.66910064714677,1.27854283209863,1.11911768468414,0.792770767431984
TraesCS5A02G015800,1.0600588617847,1.57948946700682,1.45507886834603,1.29453052473782,0.67532478461235,0.424068243272199,0,0,0,0,0,0
TraesCS5A02G060000,0,0,0,0,0,0,0,0,0,0,0.302234079668465,0
TraesCS5A02G220400,0.818346483464191,0.130643316570609,0.240706042304635,0,0.558577131832867,0.701513785442833,2.00929851339748,2.12338584974242,2.11666979023414,1.74085433859987,2.42012475418579,0.952438884526014
TraesCS5A02G220500,27.0020548960157,20.500457040526,35.4372332728441,28.4437123629894,27.5757620383376,43.7850461178546,2.02438333707163,2.43348467288142,3.92840129790175,3.79157060140601,5.05720207781588,1.67928132155356
TraesCS5A02G483100,5.21815524507174,3.58848922767338,7.85136306045048,1.96072167197132,1.91786314928288,3.85381315815788,0,0,0,0,0,0
TraesCS6A02G008800,2.61481185906891,2.33764441117009,3.49946467837221,2.55454023548264,1.49922102183942,2.19667350014999,0.321009357735644,0.949861270118109,0.747518646972161,0.458083631843338,1.40337357659391,0.355048050842753
TraesCS6A02G009400,2.02623797197222,1.81145876880339,3.75474779569883,1.4846497678543,0,0.972696752833945,0,0.368027429381555,0,0,0,0
TraesCS6A02G039800,0,0,0,0,0,0,0,0,0,0,0,0
TraesCS6A02G271500,1.5724813585466,1.75724987953078,1.94260529330734,2.30435330520341,0.300531132671132,0.377435309304122,0.386093729235311,0.285611206650634,0,0.275479847328468,0.964517922057668,0.427033738127023
TraesCS6A02G329600,1.11381438215917,2.90427424308657,1.52886582921551,1.8135681184968,1.41914092669045,1.33671815424949,0,0,0,0,0,0
TraesCS6A02G329700,0,0,0,0,0,0,0,0,0,0,0,0
TraesCS6A02G329800,13.826523139681,14.7153874803872,18.3010189322731,7.63835097390268,10.0667118972431,6.32136259035969,0.404148471969337,0,0,0,0,0
TraesCS6A02G329900,0.773395056907707,0.432134970374752,1.39334048678417,1.8889205966597,0.739052616399712,0.696128926103871,0,0,0,0,0,0
TraesCS6A02G330000,16.3839477245457,14.9801580146184,23.0003764157862,13.3385803435011,18.0286072246512,17.8752816467902,0,0.450883514296571,0.946226135407799,0,0.38066191046851,0
TraesCS6A02G330100,96.2992277948141,90.0603677064595,107.22383881063,53.7954718433028,56.7801991480227,74.1787133446173,0.838457277667728,0,0.325412346318727,1.49560887262284,0.261823428469012,0.463682155951357
TraesCS7A02G109400,0,0,0,0,0,0,0,0,0,0,0,0
TraesCS7A02G109600,0,0,0,0,0,0,0,0,0,0,0,0
TraesCS7A02G169100,69.2156080341772,71.8481885197865,75.6897790163764,49.9638016645869,45.2705955614255,58.7010229451847,16.9946130565929,11.1748384719778,16.1229512092035,10.2395164764982,11.3213330548752,15.4550328013904
TraesCS7A02G209000,0.391243669686122,0.874430577744422,1.20833232708037,0.716672759331165,0.186935289506162,0.939083790587813,2.16140964061407,1.24358395713718,1.86413627673856,1.19947085644764,0.599945953656105,1.06248793269652
TraesCS7A02G300400,0,0,0,0,0,0,0,0,0,0,0,0
TraesCS7A02G409900,15.5607679797617,18.8628367471938,19.0061814719839,15.781831786213,22.430708371901,26.9045025234509,11.3324629171805,7.18554995406351,7.53981344208232,13.8613202719166,14.9639257446612,12.1759994381232
TraesCS7A02G477400,0,0,0,0,0,0,0,0,0,0,0,0
TraesCS7A02G477500,4.83088407980474,0.899753164123384,1.24332435561386,2.94970738334689,1.92348738139221,2.41569666438782,0,0,0,0,0,0
TraesCS7A02G490000,0,0,0,0,0,0,0,0,0,0,0,0
TraesCS7A02G526900,0,0,0,0,0,0,0,0,0,0,0,0
TraesCS1B02G023900,0,0,0,0,0,0,0,0,0,0,0,0
TraesCS1B02G128000,6.95957529029749,2.72206692365338,4.29884517378277,2.9746309776295,2.66021474090644,4.17618536150189,0.427198765047436,0.316018483404314,0,0,0,0
TraesCS1B02G181600,0.857985141256988,0.319599821839661,0.883278344300679,0.698507095639785,0.819886496318431,0.343230234398436,11.2353275207476,4.93482612991049,6.26825532096448,5.01028972328651,5.92048227625554,2.71833663926483
TraesCS1B02G267300,7.43548395943767,2.49274877968374,3.44460613620305,1.81602386408719,0.710531289971287,0.892352132762353,0,0,0,0,0,0
TraesCS1B02G321500,1.6690288462142,0,1.03093885778559,1.22291819783743,1.27593278454418,0,0,0,0,0,0,0
TraesCS2B02G245100,71.180989496876,80.9222444523316,80.5756047415928,80.1519253178581,92.7548359471356,85.4261916724997,1.89146927958713,2.23873026627164,0.880914230438573,3.23897517464987,4.01638902392195,2.51044076353462
TraesCS2B02G245300,0.965723690475681,0.863357942922474,0.397677200388628,0.471731840882303,1.47654550163572,1.15899059100422,0.948462400625893,0.877026322215982,1.4724250520732,0.676732766001414,0.296174514933642,1.04903398771689
TraesCS2B02G255800,0,0,0,0,0,0,0,0,0,0,0,0
TraesCS2B02G316600,0,0,0,0,0,0,0,0,0,0,0,0
TraesCS2B02G533700,0,0,0,0,0,0,0,0.442089686890077,0.463885685177759,0.426407636024384,0,0
TraesCS2B02G545100,21.3190851468683,23.8241042429061,18.3885019422093,20.0536769535199,23.6760507646204,25.239847666991,21.5746583032193,28.7798994487517,26.3553269026911,19.4313020118226,15.6830310500788,18.385751635981
TraesCS2B02G611600,1.86349713938169,0.694153459199263,0,1.51711948374252,0.296791491879975,1.4909548643552,0,0,0.29596326520391,0.272051930676191,0.238129000553265,0.42171996989241
TraesCS2B02G598400,11.8623172143126,9.83521124211805,8.07568771932049,10.9814077196053,8.77592793271853,7.3477580492822,0,0,0,0,0,0
TraesCS2B02G598500,18.1458926426765,9.25737414983844,9.3404146753635,13.48841288132,11.6857385682167,12.7823673500107,0.484281358652912,0,0,0,0,0
TraesCS2B02G855500_M,0,0.369880444805394,0,0,0,0,0,0.300589009531047,0,0,0,0
TraesCS3B02G006900,22.9334381286574,14.077432152561,10.6409061713399,16.1724936966952,15.1244944262035,9.30355835357644,0.396540971320502,0.293339509889416,0,0,0.49530832115079,0
TraesCS3B02G026700,5.42095141514287,4.98887526774104,3.93935986308317,5.45176269767637,6.0943943977212,2.67887012213414,82.9926632194593,95.5653107131024,104.834932197315,129.60414949714,112.9544586039,106.947400680683
TraesCS3B02G227600,0,0,0,0,0,0,0,0,0,0,0,0
TraesCS3B02G338000,1.20155468359841,0.895159238413054,2.06162706182507,1.95643125255782,1.14819990731684,0.480672538326038,0.983398470087314,0.727464867705335,2.28999147868933,0.350829914978487,0.30708393360917,2.17534910800812
TraesCS3B02G362000,0.694197838690862,0.387883475304771,0.714662630028362,1.69549130673627,2.32180246745042,1.24968783194374,0,0,0,0.608075617491157,0,0.471302722357637
TraesCS3B02G366800,0,0,0.430539330047551,0,0.399640028670065,0,1.02683876808051,0.75959964480123,0,0.366327352197643,0.641297902480079,0
TraesCS3B02G371400,0,0,0,0,0,0,0,0,0,0,0,0
TraesCS4B02G262500,0,0,0,0,0,0,0,0,0,0,0,0
TraesCS4B02G043000,0.555779848587522,0.621084674020393,1.90721369889485,1.13118557998346,0.885167607361329,0.444670749018217,7.7328165122554,9.75819017378422,8.47389559320668,7.62699974071145,6.81800927899874,8.5527769332566
TraesCS4B02G028400,0,0,0,0,0,0,0,0,0,0,0,0
TraesCS4B02G316400,4.78152638805705,7.26697191560189,7.28527732254966,6.7734021395373,8.4073348838783,7.34519874658305,0,0.694778358498094,0.729032466569854,0.167533198688786,0.146643006958611,1.03880307456605
TraesCS5B02G014100,8.09499494453767,2.5128241520563,2.7778778395697,4.39355814456474,2.57851281397443,1.61916965613022,0,0,0,0,0,0
TraesCS5B02G067300,0,0,0,0,0,0,0,0,0,0,0,0
TraesCS5B02G219500,1.88568162913624,2.95015220159687,1.94127108637512,3.22387890295285,5.04545536195957,4.07350168297045,6.01892545754333,5.47996886606601,6.10952740313785,4.95523159445919,5.49397622705032,5.12088534869355
TraesCS5B02G219600,40.8656337449232,37.6084443260479,52.67631201533,39.001071606454,34.4567683255776,45.3347251438085,9.69653031809358,11.8509895802728,10.4718059363205,5.11369157498661,6.58242765756992,8.39325598615138
TraesCS5B02G496200,1.75771603842661,2.35709983840774,2.89525295955152,3.00510094923134,3.02339706708973,3.79706686965748,0.431574680694528,0.319255548535216,0,0,0.269533977578855,0
TraesCS6B02G015400,1.81149852504568,0.253043982652432,0.699337905590641,0,0.649147246569644,0.815260268096904,0.555974970098848,0.411280137576913,0.431557157014856,0.793381960305988,1.21529258179266,0
TraesCS6B02G014700,0.780540853453407,0.436127688651136,0,0.476593327515418,1.11882165808912,0,0,0,0,0,0,0
TraesCS6B02G054800,0,0.470215829833064,0,0,0.402089929228962,1.00996482765517,0,0,0,0,0,0
TraesCS6B02G298700,0.420559476950068,0.469975740055258,0.288638315216969,0.513581933990957,0.267923082789786,0.841207620685471,20.8242220578574,26.2260649382878,20.7060947655041,17.682472589919,17.5197773539551,28.5524983445155
TraesCS6B02G360400,0.7177914907248,0.401066443092907,0.738951817454163,0,0.342959057283527,1.29216088244117,0.440601079245002,0.325932788766018,0,0.314371119892487,0,0
TraesCS6B02G360500,0,0,0,0,0,0,0,0,0,0,0,0
TraesCS6B02G360600,10.2490113069033,5.72664145952471,8.5220825178759,2.88829926122409,3.01350959163702,2.36540577905599,0,0,0,0,0,0
TraesCS6B02G360700,0,0,0,0,0,0.471389163122316,0,0,0,0,0,0
TraesCS6B02G360800,9.85582931495206,7.08036528383248,10.5087474809106,6.01790728551199,7.73636488833801,8.02630701977882,0,0,0,0.308325521433016,0,0
TraesCS6B02G360900,12.174785375559,12.5230950598398,18.9429711934678,6.25118972968636,4.49501893673194,11.7886484135034,0,0.125643025147898,0.131837503875161,0,0,0
TraesCS7B02G007400,0,0,0,0,0,0,0,0,0,0,0,0
TraesCS7B02G007600,0,0,0,0,0,0,0,0,0,0,0,0
TraesCS7B02G073900,53.4677478709253,50.2195562345904,75.6432398082111,44.8646851393009,31.9726346951417,32.2808650559676,20.5376954680332,19.9590024948653,25.006597509224,16.9523781318368,19.365549354432,18.2614320057115
TraesCS7B02G116100,0.426991050081238,0.477163031051437,0.146526215747132,0.173812030019231,0.952071410965933,0.170814424583981,0.873664659467151,1.421837437774,0.813783908056785,1.12205555233788,0.982143249560277,0.579782975715227
TraesCS7B02G201300,0,0,0,0,0,0,0,0,0,0,0,0
TraesCS7B02G309300,5.45686574642013,8.0111693455678,7.60046213646103,6.27186417908832,7.36172442524421,10.6580612146794,4.3347522391037,4.76133693955346,4.89412052577253,7.87275454570975,7.71144482851679,7.11894864219004
TraesCS7B02G379000,0,0,0,0,0,0,0,0,0,0,0,0
TraesCS7B02G379300,0,0,0,0,0,0,0,0,0,0,0,0
TraesCS7B02G393200,0,0,0,0,0,0,0,0,0,0,0,0
TraesCS7B02G388500,0,0,0,0,0,0,0,0,0,0,0,0
TraesCS1D02G019300,0,0,0,0,0,0,0,0,0,0,0,0
TraesCS1D02G104500,2.72005196485187,1.13987304879037,3.50029808267761,2.90648153727514,2.27436006409076,1.22415241494427,0.417411548758423,1.23511372585017,0.324001890328491,0.297825271477093,1.04275436031745,0.461672388092744
TraesCS1D02G161800,2.26281795496348,3.3716025161107,2.32952530365014,2.30277064496632,2.16233801226839,1.81044519243131,12.5008451810515,16.0974085440689,17.2504303147422,11.5622070537381,9.83132587998478,6.65715095330162
TraesCS1D02G256100,0,0,0,0,0.341397109722704,0,0,0,0,0,0,0
TraesCS1D02G309800,0,1.14912295492912,0,0.837162062190004,0,0,0,0,0,0,0,0
TraesCS2D02G225400,44.1249501217879,41.0914056650992,45.0652216479938,97.0782310470803,102.736797701942,74.8101817015367,1.28976974090214,2.22623735183932,2.335995771788,1.2270097281518,0.805507792687829,1.42653234713606
TraesCS2D02G225500,0.765844477551565,0.855832158901183,0.39421069759584,0.935239625961218,1.46367463777907,0.919110251108783,1.41029215741601,1.04325767115483,1.82448763207989,0.335416885240938,0.293592798450608,1.55983453299117
TraesCS2D02G271000_M,0,0,0,0,0,0,0,0,0.450700303945317,0,0,0
TraesCS2D02G298200,0,0,0,0,0,0,0,0,0,0,0,0
TraesCS2D02G506100,0.209025691056137,0.467172940945678,0.215187719966667,0,0,0,0.256611972304855,0,0,0,0.160263446127968,0
TraesCS2D02G518100,11.9520318185053,10.6851283719528,13.0074820852239,17.5148047861916,13.3792423279824,18.4422215497667,11.3191732485143,7.44294278823891,11.7148444674742,10.7683838828844,8.3783497110084,6.95523233927035
TraesCS2D02G586500,0.739045074568603,1.23882568896127,0.760831952022119,0.451256266362176,1.41245587521883,0.886947577449526,0,0,0,0,0.283319026230264,0.501750273734712
TraesCS2D02G601700,8.35437813893388,5.516743812668,5.08221011381857,11.5934787658055,6.89475781136384,5.46889668087135,0,0,0,0,0,0
TraesCS2D02G601600,3.45009898071593,3.04380782704439,2.43018380442515,1.10874142165045,1.21464666121249,1.08961979174107,0,0,0,0,0,0
TraesCS2D02G548200,0,0,0,0,0,0,0.819598360176114,0.303147213867482,0.636186082529499,0.584787615119155,0.25593439086819,0.453252830863089
TraesCS3D02G003600,11.3061147161744,6.14656084740048,8.80820697265897,3.73159049423591,6.42404110637925,4.40068146941568,0,0.27750537941681,0.58237401544854,0.535323108998893,0.937144291548519,0
TraesCS3D02G027300,1.05395487601626,2.35559177709078,2.17005044281165,0.429025471410232,2.01430847464029,1.26487917475048,14.2328525214844,29.0336674215564,43.5215591007464,36.6203133709694,32.8621067839648,31.9611393177066
TraesCS3D02G199100,0,0,0,0,0,0,0,0,0,0,0,0
TraesCS3D02G303400,0.417892306243891,0,0.860423349090463,0,1.19800766585341,0,1.53908596174624,5.31315094015837,3.18577201144909,1.4641942570335,2.24283448314095,2.2697135670313
TraesCS3D02G325400,28.6345961253866,20.3289015511264,29.8255460554045,28.3859570645272,24.7877340727437,25.0663356458833,0.413570338187027,0.611873824309211,0.642040555681611,0.885253644359826,0.258289615324032,0
TraesCS3D02G328900,0,0,0,0,0.349119998432332,0,0.448516068692517,0.331787868803731,0.696291487532286,0,0.280114486346089,0.496075120937978
TraesCS3D02G333300,0,0,0,0,0,0,0,0,0,0,0,0
TraesCS4D02G262600,0,0,0,0,0,0,0,0,0,0,0,0
TraesCS4D02G040300,0,1.81226124610794,0.333903213439123,0,0.309939372500765,0.389251063227996,20.3072074503766,16.789485238207,16.3809461327036,13.0687769746209,8.70373452701478,11.8908591156433
TraesCS4D02G015400_M,0,0,0,0,0,0,0,0,0,0,0,0
TraesCS4D02G313000,10.9578590102888,8.50376466092223,8.46067061503089,8.17764404651455,7.56258941171768,11.3243146072034,1.12104154863335,1.10571433882928,1.45028562328302,0.533245912899673,0.46675396117314,0
TraesCS5D02G021800,4.04087850665597,3.5122008221791,3.69778014948444,5.48296657247909,6.4357402818127,3.77188417850775,0,0.815498228637788,0.427852046509005,0,0.344245358117884,1.21929829398165
TraesCS5D02G071500,0,0,0,0,0,0,0,0,0,0,0,0
TraesCS5D02G228400,3.43671377860935,2.98708039327193,3.53802730401385,4.66319062457714,5.47351207556115,2.29138404049026,22.9706974346299,18.0328321795719,17.1024780844118,8.0276130197859,2.3422090290858,2.59249272173081
TraesCS5D02G228500,47.6363505461849,53.23368115215,60.8256237097441,41.0367046907139,56.4602402306707,58.4991732386951,2.72005239238004,5.70108395144864,3.51891763873916,2.91115690714159,3.11441345175514,2.00565139682524
TraesCS5D02G496600,7.47654222941036,5.5700301779015,2.56564965364191,2.02894648052706,4.36611265815564,4.48639822269666,0.509924093226062,0,0,0,0,0
TraesCS6D02G009800,2.46322856289101,2.32917468504266,1.7555842868088,2.08250562675215,0.905326704009309,2.04659021753105,0.232615476620032,0.172076317050382,0,0,0.145276767763344,0
TraesCS6D02G012400,5.56665232850298,3.55470909736219,3.27471768488014,1.45669836020462,5.31946633382559,2.38595963086531,0,0,0,0.34828951009088,0,0
TraesCS6D02G045700,7.8957063979728,9.62559463422977,7.38951817454163,3.50623169576049,3.77254963011879,5.59936382391174,2.20300539622501,1.95559673259611,1.02600598604022,0.943113359677461,1.6510277371693,1.94928341639159
TraesCS6D02G251700,0.940027740971217,1.35061993675454,0.691242529166586,1.4759357560107,1.41159230473997,0.966987600946438,28.5210808670481,35.3671749512062,31.4802423596493,37.4062422774494,35.1100799426649,52.1501245625232
TraesCS6D02G308500,1.7565914600271,1.17779588854539,1.44670029520777,1.2870764142307,0.67143615821343,2.10813195791746,0,0,0.334781223851896,0,0,0
TraesCS6D02G308600,0,0,0,0,0,0.849229445934275,0,0,0,0,0,0
TraesCS6D02G308700,30.0882460495601,27.4298217676952,46.462860850885,18.8551590921078,23.0774108264395,29.457914277426,0,0,0,0,0,0
TraesCS6D02G308800,0,0,0,0,0,0,0,0,0,0,0,0
TraesCS6D02G308900,2.27846676516378,3.63741350285802,3.3509077673529,3.97490700541905,2.79937535198231,1.56254190882039,0,0,0,0,0,0
TraesCS6D02G309000,73.2666942484321,68.3748547163572,94.6844294699606,39.5010967924613,43.572108477164,62.6730125663802,0.478438361422891,0,0,0,0,0
TraesCS7D02G104700,0,0,0,0,0,0,0,0,0,0,0,0
TraesCS7D02G104900,0,0,0,0,0,0,0,0,0,0,0,0
TraesCS7D02G170200,74.0467176454515,81.5076394121995,95.3583731705622,68.0726915023499,68.1085509668967,63.9032290952725,33.0250536215913,24.1782868757337,34.0913807179728,20.8913898764916,24.0274566901684,28.2424585897644
TraesCS7D02G211200,2.4229916840793,0.846155071610794,0.935407843936737,0.739731728421614,0.289424907691007,1.2722047298166,2.4168658207896,3.98831710908665,3.75202409677146,1.98974550511103,2.67051232170379,3.08439426407797
TraesCS7D02G296100,0,0,0,0,0,0,0,0,0,0,0,0
TraesCS7D02G403100,6.1394955294746,8.53428267099524,10.3285997828233,11.1547792529768,9.73042277605075,13.837785070484,10.4785438017335,10.4712685695458,10.2740495793283,17.9698201365324,17.9105217847272,20.9427034080413
TraesCS7D02G464900,0,0,0,0,0,0,0,0,0,0,0,0
TraesCS7D02G465000,0,0,0,0,0,0,0,0,0,0,0,0
TraesCS7D02G476400,0,0,0,0,0,0,0,0,0,0,0,0
TraesCS7D02G472200,0,0,0,0,0,0,0,0,0,0,0,0
TraesCS1A02G019800,0,0,0,0,0,0,0,0,0,0,0,0
TraesCS1A02G020200,0,0,0,0,0,0,0,0,0,0,0,0
TraesCS2A02G705800_M,0,0.211123914650662,0.194494457372247,0,0,0,0.115967598700302,0.428932708422508,0.450080038603572,0.992921686087401,0.651833589678917,0.769586347947478
TraesCS3A02G070300,0,0,0,0,0,0,0,0,0,0,0,0
TraesCS3A02G301300,0,0,0,0,0,0,0,0,0,0,0,0
TraesCS3A02G514400,0,0,0,0,0,0,0,0,0,0,0,0
TraesCS4A02G386700,0,0,0,0,0,0,0,0,0,0,0,0
TraesCS4A02G464100,0,0,0,0,0.401782050263243,0,5.16171249038938,1.52734201167537,3.20528669452075,2.5780357534828,0.644735180671014,2.28361686606365
TraesCS4A02G464200,0.380007259795482,0,0,0,0,0,1.39955636936648,0.690210611504508,1.44847903911561,1.99718123225815,1.45678917985527,2.57993393345945
TraesCS4A02G472400,5.69894892361174,2.99698001432063,5.86695261660036,13.5095877838024,9.61039116563728,3.62089038486262,4.52705504498986,7.61106786953613,8.94466757060705,4.40465030618595,5.39759067920733,5.00708789650036
TraesCS5A02G483000,1.79155135531639,1.00103043708344,1.3832744054301,1.64086495549966,2.99599633238709,3.22513238194942,0,0,0.426805100228803,0,0,0
TraesCS5A02G520400,0,0,0,0,0,0,0,0,0,0,0,0
TraesCS5A02G520500,0,0,0,0,0,0,0,0,0,0,0,0
TraesCS6A02G008700,2.62230415665937,3.5165137990381,8.63874904072488,8.96650942253935,6.01406713631857,9.44129011525785,3.2192915532228,4.76291467824267,1.49932106842554,3.67516953914426,0.804225545326021,4.27278456601594
TraesCS6A02G038300,0,0,0,0,0,0,0,0,0,0,0,0
TraesCS6A02G106600,0,0,0,0,0,0,0,0,0,0,0,0
TraesCS6A02G320900,0,0,0,0,0,0,0,0,0,0,0,0
TraesCS7A02G020400,3.38261082384685,4.41008378390661,5.22349411003276,6.19620257323176,8.08101680149583,3.38296740269506,4.84480242167759,5.37588321511917,4.29784848361817,3.95061859084604,4.10638058859613,3.06201604422908
TraesCS7A02G024800,3.92221778860337,6.13631657932148,5.24919701755832,1.43692888245899,1.49922102183942,1.88286300012856,7.222710549052,5.69916762070865,7.84894579320769,6.18412902988507,6.31518109467258,7.98858114396194
TraesCS7A02G024900,1.21844043728803,0.453869569476441,1.25435977888854,0,0.776223901839934,0.97485510361686,1.99443683800252,1.84422029146452,1.93514442633326,2.84608173630476,1.55699731130981,1.10295992125707
TraesCS7A02G087800,0,0,0,0,0,0,0,0,0,0,0,0
TraesCS7A02G281700,0,0,0,0,0,0,0,0,0,0,0,0
TraesCS7A02G461400,0,0,0,0,0,0,0,0,0,0,0,0
TraesCS1B02G049500,0,0.45691113770078,0,0.499305146548171,0.39071285006984,0,0,0,0,0,0,0
TraesCS1B02G041700,0,0,0,0,0,0,0,0,0,0,0,0
TraesCS2B02G301500,0,0,0,0,0,0,0,0,0,0,0,0
TraesCS3B02G009500,0,0,0,0,0,0,0,0,0,0,0,0
TraesCS3B02G084400,0,0,0,0,0,0,0,0,0,0,0,0
TraesCS3B02G011600,20.9512544744303,15.375736303539,14.8084934260888,12.6017681035697,15.5386233470828,10.8832912592853,0,0,0,0,0.479512611592451,0.424601883126299
TraesCS4B02G086600,0,0,0,0,0,0,0,0,0,0,0,0
TraesCS4B02G351700,0,0,0.450795965193329,0,0,0,0,0,0,0,0,0
TraesCS4B02G351800,0,0,0,0,0,0,0,0,0,0,0,0
TraesCS6B02G015700,1.59047209385799,2.66603182302164,1.63735884244007,2.42783060034103,1.89980940493771,0.954383852346122,0,0,0,0,0,0
TraesCS6B02G654200_M,0,0,0,0,0,0,0.881778484296734,0.652291912115117,0,0.943730176786472,0,0.487639572772911
TraesCS7B02G007300,2.38555110365292,4.11995978864396,2.23261508827976,4.76706264322886,2.6940978078078,3.90404058083529,0,0.196949907903636,0,0,0,0
TraesCS7B02G120500,1.24987213293886,0.465577889174619,0.857812049093224,2.54388016621469,1.59249577433625,2.00000622168436,0.511471662552999,1.51343601460397,1.98506469226295,1.45975057188317,0.958297586445004,0
TraesCS7B02G379400,0,0,0,0,0,0,0,0,0,0,0,0
TraesCS7B02G611500_M,0,0,0,0,0,0,0,0,0,0,0,0
TraesCS2D02G548100,0,0,0,0,0,0,0,0,0.937747406595901,0,0.75450192289995,0.44540078062711
TraesCS2D02G555400,1.52833933710986,1.46393238472878,3.14678885285649,3.99940444421984,1.87775197566368,5.24057296258447,4.82471320970472,3.37078005399766,6.24170639618902,4.20744806981356,7.19821834515363,5.03984708353331
TraesCS2D02G667500_M,0,0,0.651265138654879,0,0.302262302790205,0,0,0.861769297486188,0.301418809262968,0,0,0.858987219780854
TraesCS2D02G740900_M,5.54843877134866,4.13359149836408,2.76080263897282,8.1308202173496,4.86022308359865,3.7733360898501,0,0,0,0,0,0
TraesCS3D02G488300,0,0,0,0,0,0,0,0,0,0,0,0
TraesCS4D02G164600,17.3473544963746,8.20163819836407,15.7981254290474,17.1104532783694,14.6643125465459,15.2138990897387,5.73370298750179,7.87703908694544,10.172793251626,10.5197820678482,13.3005029130407,8.15359436321754
TraesCS4D02G346500,0,0,0,0,0,0,0,0,0,0,0,0
TraesCS5D02G032500,4.01298774960637,8.22161782856715,6.88548283011492,4.08384172846646,8.94784775519262,8.02682155962238,4.10547899661908,1.82220645607311,1.27469684014741,3.51513627358469,5.6408438523263,1.81632376801408
TraesCS5D02G482100,6.12248630416136,5.13141456110507,6.30297578093307,8.87858496478723,4.75362763022254,8.26622780544248,0,0.347510220774918,0,0,0,0
TraesCS6D02G009900,1.16707861935063,0.978158859615539,2.70333860954937,0.712610852087347,0.836441058943351,1.75080247089532,1.07457967786108,1.05988770842084,1.11214251409248,1.02229078307227,0.223704608383726,0.792349528979577
TraesCS6D02G044200,0,0,0,0,0,0,0,0,0,0,0,0
TraesCS7D02G104500,0,0,0,0,0,0,0,0,0,0,0,0
TraesCS7D02G016700,8.38713237814558,5.51331229049549,7.1106684321061,7.83231675973451,7.54325042434926,11.2498103781266,7.26813640156176,9.40900314739636,8.93261276256041,8.21093302360701,7.18708839765073,9.37862775811046
TraesCS7D02G022700,0.392221778860337,0.438308327094392,0,0,0,0.470715750032141,2.40757018301733,2.49338583406004,2.61631526440256,2.40493906717753,2.10506036489086,1.59771622879239
TraesCS7D02G022800,0,0,0.42092192133465,0,0.781425700139681,0,0,1.11394750590917,0.779245052688775,0.716288627603135,0,1.11035131313445
TraesCS7D02G104600,0,0,0,0,0,0,0,0,0,0,0,0
TraesCS7D02G082900,0,0,0,0,0,0,0,0,0,0,0,0
TraesCS7D02G280200,0,0,0,0,0,0,0,0,0,0,0,0.725292710865546
TraesCS7D02G449600,0,0,0,0,0,0,0,0,0,0,0,0
TraesCS7D02G449000,0,0,0,0,0,0,0,0,0,0,0,0
TraesCSU02G149300,6.25766940631877,5.24471502506109,11.2737520868007,15.2835740584431,5.97979894750764,13.1424910265384,23.0468256835847,19.8902573657211,19.3801130696486,20.5550347622011,22.7898273122087,8.49687643042486
TraesCSU02G213700,0,0,0,0,0,0,0,0,0,0,0,0
