grain_Z71_rep1,grain_Z71_rep2,grain_Z75_rep1,grain_Z75_rep2,grain_Z85_rep1,grain_Z85_rep2,leaf_Z10_rep1,leaf_Z10_rep2,leaf_Z23_rep1,leaf_Z23_rep2,leaf_Z71_rep1,leaf_Z71_rep2,root_Z10_rep1,root_Z10_rep2,root_Z13_rep1,root_Z13_rep2,root_Z39_rep1,root_Z39_rep2,spike_Z32_rep1,spike_Z32_rep2,spike_Z39_rep1,spike_Z39_rep2,spike_Z65_rep1,spike_Z65_rep2,stem_Z30_rep1,stem_Z30_rep2,stem_Z32_rep1,stem_Z32_rep2,stem_Z65_rep1,stem_Z65_rep2
TraesCS1A02G019700,0,0,0,0,0,0,0,0,0,0,0,0,0,0,0,0,0,0,0,0,0,0,0,0,0,0,0,0,0,0
TraesCS1A02G095600,0.439346145898362,1.83539458847642,0,0.403424633085831,0,0,1.63078130678314,0.843622431545252,2.59673116227286,3.62672453768434,7.51219395309046,7.45236695976562,5.6684621320239,5.10793771222792,10.4769716002764,10.0768875237192,13.1727532120427,6.66599424122874,3.49827607829737,0.514342913461619,6.48160284373835,6.79559194699978,7.50181240838911,6.76615603109087,1.17749815698746,0.812694499740587,20.8709521024025,20.7997208482692,7.93009819111046,8.27828503736515
TraesCS1A02G164700,4.30287462477777,4.54118248695197,2.74922717718098,2.027520707519,1.71710090343753,0.662682408284842,8.92338700777449,5.4046503346419,9.51837310340567,11.9589537135589,18.9856571287138,18.3447703406812,0.703417408517667,0.250757865106918,0.807383844251871,0.462202162323306,0.507669456095684,1.12561225189607,4.34708459655878,4.17572210671159,6.46839411101916,6.10035883762211,5.80037041885756,6.42734998535142,3.33826797084074,2.79911179620118,8.18981820680324,7.41239892772735,17.0991662752999,12.3442762891491
TraesCS1A02G256700,0,0,0,0,0,0,0,0,0,0.108919369049103,0,0,0,0,0.817460111879249,0.784795269295432,1.0056624351521,0.625900259733691,1.27574980974571,1.64124057648151,0.230873816999561,0.352830401881817,0,0,0,0,0.959972407337336,0.699214913925463,0,0
TraesCS1A02G310300,0.13394699570072,0.167871456263087,0,0,0,0,0,0,0,0,0,0,0.0640070249776864,0.0741570515712532,1.20976294711886,0.937288008613813,1.46380606128809,0.700798385326823,0,0,0.62040299482748,1.58020689135485,12.9674425721204,16.4438809466407,0,0,0,0,0,0
TraesCS2A02G219600,0.714254933722047,0.497307059738915,7.93405837005221,9.40061012790321,0,0,0.271917736791319,0,0.938125419896265,1.50291415515226,1.33671814582427,0.659345903010996,12.3629753735803,15.5536914234851,37.9509298120357,36.1889789645666,33.8018355341165,34.5457146246656,1.08328119683032,0.348407862261754,12.7427667145683,15.4169125132471,2.75992064396242,5.02852223615342,1.20529074354449,1.52139997652435,3.19264811752368,1.48431605282732,4.11580037192291,4.61423815047191
TraesCS2A02G219700,0.241753198403354,0.10099383282152,0,0,0,0,0.552214450064835,0.397893401315757,1.90515859301017,1.64345982675265,0.123392110572986,0.502128427971691,8.70270129777317,7.40591185611078,1.76206735781455,8.08236125794156,8.71614076262591,1.26483054138223,1.58120905436091,1.41510339360313,1.74180151152347,1.96472776611593,0.378708549428327,0,0.575934535088022,0.650459147394587,0.275901093935641,1.22458796874858,0,0
TraesCS2A02G231600,1.83570813049455,1.91719490439738,0,0.505685473227365,1.18096886648172,1.12547891705519,15.2001257435326,9.9703884667306,7.47434224981046,8.55723961046281,4.9658622148646,3.81281920515551,0.935679295495538,0.609781660831029,0.55264936860026,0.642264206459604,0.51438653107188,0.320141880762114,1.40947255442741,0.967079294113071,1.38558589002634,1.82875568187993,4.48601902216414,2.6386123798126,1.5306382727785,2.8400061019043,3.09013067841538,1.35903812413465,7.00016514182531,4.34832321899005
TraesCS2A02G300300,0,0,0,0.235278751799668,0,0,0,0,0.112179504159014,0.248837563193053,0,0.177397886813223,0,0,0,0,0,0,0.0728645595068604,0,0.087909185373861,0.201519385833744,0.0802767889379176,0.375814043051037,0,0.08617572102438,0,0,0.911944790119595,0.137940763786356
TraesCS2A02G505300,0,0.167564935040452,0,0,0,0,0.114526520912716,0,0.175609059462559,0.194768780442036,0.409454526380963,0.138851906537921,0.191670458241155,0.148043292242064,0.476666055340423,0.0779647156688301,0.1123948658885,0.419711266683867,0,0,0.0688077981684633,0.0525773849020481,0.691171914982217,1.29428252051125,0,0,0,0.39072835839794,0,0
TraesCS2A02G516300,29.6968020285058,30.1744435660764,18.4317032925938,14.9086172050039,10.6173694523126,10.2096508205386,6.89430845474186,6.28091784157416,7.6551350330217,8.7935705133181,2.86857426481142,4.03521358709446,12.5329232230472,11.9850537422548,12.5332358387551,10.6814123028384,10.7711391470585,12.197344985802,10.8916636315549,7.6152318599221,79.200122894113,103.737970367731,21.2602147107876,21.9208556552804,6.07469042876243,7.98086254267733,22.3303853172598,28.9554149522009,5.50343579143377,6.38745032663767
TraesCS2A02G575700,0.881715315736391,1.18395579818577,2.69841172611868,2.94934866504836,8.50852855925623,12.215764184176,0,0.207312196480648,0.330878078780945,0.183489166437079,0,0.130810597730393,0.722281107546369,0.209204526221655,1.34718290525972,0.807945129749292,0.847086076398187,0.988511483889899,0.0537292566088432,0,0.0648229428846246,0.0990649580207167,6.98500124297656,4.323068237427,0.168792740393845,0,0.592973781734098,0.441720201500791,0,0
TraesCS2A02G584400,0,0,0,0,0,0,0,0,0,0,0,0,2.15361823286934,1.60976260194382,7.98193240597912,5.67996946759794,4.52190356864843,11.6376128951824,0,0.0638248155354424,0,0,0,0,0,0,1.05772737385552,1.01966913490057,0.332635246315723,0.352200838310893
TraesCS2A02G584600,0,0,0,0,0,0,0,0,0,0,0,0,0.0864674802004989,0,0.903152603372357,2.11031347354016,1.26760546852557,2.65079586937461,0,0,0,0,0,0,0,0,0,0,0,0
TraesCS2A02G707500_M,0,0,0,0,0,0,8.21222523485888,7.88966491957474,0.273743533868107,0.7590253943697,0,0,0,0,0,0,0,0,0,0,0.858073718336131,0.0819588647002514,0,0,0,0,0,0,0,0
TraesCS3A02G007100,0.187647841357501,0.62712799150675,0.357329540649276,0.861527547876917,0,0,1.07156647983823,0.514738711079515,3.20401529133895,1.82235254137964,0.670435152036938,0.649583378251153,21.9388087662699,18.7689977222823,76.4430655909041,27.0635685251039,51.7748400522298,36.3249823647195,29.9894924951664,25.1533016477884,23.949345677319,36.698715245998,5.11476520498411,4.78893243332986,80.9697622188131,61.1540409698148,53.2706328415586,50.8893870412391,192.343489764815,146.378559459105
TraesCS3A02G019600,0,0,0,0.189105296758983,0,0,29.0482920270746,17.7386680918667,24.5246831992437,25.4004053098848,3.15343962583088,3.13683813357482,5.18296884756815,3.72453791516619,4.56844691872517,7.52564163582841,8.84851997304273,2.65777787635198,0.937038235258225,0.723294722055401,2.40233826330419,0.971827238183231,0.193567407326554,0.120824214840908,3.98632188563463,2.49349448784044,5.05321475452312,5.13573354278252,7.43446705416605,5.54349444466417
TraesCS3A02G196000,0.0867587175944632,0,0,0,0,0,0,0,0,0,0,0,0,0,0,0,0,0,0,0,0,0,0.244634953967209,0.152700429498778,0,0,0,0,0,0
TraesCS3A02G298500,0.250959336956414,0.104839751817008,0.716836260525662,0,0.230642924092557,0.139876386908127,0.85986477011238,1.37681824319212,3.29618070864796,3.16836738877491,1.53709166834102,2.08499938256029,0.959374144372329,1.75988859631398,0.556703356432618,0.487799039771088,0.937622567427291,0.437665404392989,0.214098606685048,0.220348734822666,0.0861014565047869,0.263167230446504,0.471756057459994,0.220851573205012,0.298933271639365,0.168807276827651,0,0.097786244150467,0.510395386832249,0.675521029052754
TraesCS3A02G331900,1.33087749113901,1.37360250741286,0,0,0,0,0,0,0.102824549072339,0.114043159752768,0,0.162604192759661,0.374096653469015,0.433419688442107,13.3225048113521,6.29980464806006,6.62494166378606,10.1578303378519,0,0,1.69214216693264,2.95542614605497,30.978143401085,33.2072824252703,0,0,2.21128925590364,2.92842967514328,13.6131508003964,9.22993800622629
TraesCS3A02G335900,1.21881274155877,1.5274987599918,0.204788078779416,0.197499004448024,0,0,0.368473382231578,0.708000921662371,0,0.104440308833638,0,0,0.753711965141946,1.42892699894478,0.47712239360054,1.75588549916556,2.16969044633583,0.675181734166051,0.0611643756695969,0.125899864587537,0,0,0,0,0.192150482537118,0.289352420985255,0.184099147046808,0.251422986755019,0,0
TraesCS3A02G339800,1.26560618160022,1.01966366026468,1.0328735364282,0,0,0,0,0,0,0,0,0,0,0,0,0,0,0,0,0,1.48874024547536,0.142196943858543,50.9807163329195,38.7433037876691,0,0,0.154754399602584,0,0,0
TraesCS4A02G041500,0,0,0,0,0,0,0,0,0,0,0,0,0,0,0,0,0,0,0,0,0,0,0,0,0,0,0,0,0,0
TraesCS4A02G271100,5.9328530696122,5.46143944228763,0.749845450980078,0.723156010550605,0.868549214149697,0.438952428323065,3.32800274034652,3.19728523291188,12.4126728598129,11.4724583986472,38.0261808290123,36.2047717833075,1.25443978206747,1.16269182195846,0.44923269345563,0.734776450347349,0.765022925593519,0.49444474987686,3.4489457033883,4.10281900974702,3.83682412989759,3.30342804566214,5.28023265364978,6.19137468018422,3.37714576573841,2.64870882498453,10.830403804883,8.53091494319755,9.1296608857343,9.24269054636167
TraesCS4A02G284700,0,0,1.09544461134799,1.90161750930821,0,0,0,0,0,0,0,0,0,0,0,0,0,0,0,0,0,0,0,0,0,0,0,0,0,0
TraesCS4A02G415600,2.45249044759851,3.14680890368764,11.3418409861374,11.9032786476681,0,0,0.10003565861754,0,0.536863315491465,0.680499960162181,2.59293990144521,2.42566382181611,0.613868543645647,0.581902222855767,12.8514675985099,8.58059516657622,10.9627319084458,9.95945903059895,0.3487117302928,0.153810679862924,1.08182978364388,0.597023053760151,1.31720511099409,2.77491019730316,0.886827426403811,0.824831303201987,1.39945366147791,2.11599866861056,1.603227614619,1.41460783276917
TraesCS5A02G015800,0,0,0,0,0,0,0,0,0.185666463768973,0.102961745902917,5.62776012160295,5.57855851530797,0.743041654181121,1.09565373492662,2.31824112808999,0.824298763474181,0.514938211178135,0.961455699817752,0.0602984707373375,0.0620587492111026,1.16397644675197,2.33472009173148,2.45799882319433,1.30620772800982,0.442003812682981,0.21394204099875,0.0604976176052572,0,2.26401737469845,1.9405797798567
TraesCS5A02G060000,0.315395653911243,0.494094020587694,0,1.08603185504082,0,0,0,0,0,0,0,0,0.15071288006232,0,0,0,0,0,0,0,0,0.124026767256375,0,0,0,0,0,0.0921703794469226,0,0
TraesCS5A02G220400,1.05229809268822,1.23089055859074,2.67179337185493,3.02761726980531,0.0322369767227515,0.0782021273197234,0.881344608241651,0.577313930161142,1.81211575443071,1.22633423734145,0.537098509828552,0.485700835515871,1.60910144972646,1.70891191442888,0.277894517395612,0.654525158240006,1.20567442681442,0.244690089830954,0.698240115691673,0.472238410539329,1.51633518855003,1.76557925608479,0.285728626243157,0.267526471012444,1.14900288542883,0.943768168936366,0.44034331502843,0.464698053157882,0,0
TraesCS5A02G220500,2.76240538430839,1.86019721805043,0.942148158228422,1.3629210577224,6.02485377052439,8.20392861307586,0.918232717783297,1.96790946869468,1.13720709058496,1.3213424057541,2.146485430996,2.82598030051785,4.84665806249958,5.98044330314116,7.4278909575154,5.67392315524728,6.19246207801398,9.36186671809721,0.562785726881817,0.506813118557338,0.636549619317484,0.421546683229296,4.65026804388117,3.19295222402401,0.773506672195216,0.457598254358438,1.7998041237564,1.44587092983742,0.691783086713417,0.732473740436106
TraesCS5A02G483100,0,0,0,0,0,0,0,0,0,0,0,0,2.07180633480406,2.75595358324745,1.98462188616298,1.87274894508608,2.83476612408692,4.20069207578943,0,0,0,0,0,0,0,0,0,0,0,0
TraesCS6A02G008800,0.732243576497269,1.17989652116341,5.97591117504885,6.91585085289996,0.28841348507955,0.174912091438448,1.16484379055938,0.860839215862502,0.755662507539721,0.761916919681585,1.04113562249655,0.977715781893449,0.399891508432021,0.405391881922851,5.96695107751859,1.95193947190686,2.13976632060329,4.04994724015539,0.580071288493187,0.321464320913512,0.215335642649115,0.246813266840186,0.245799882319433,0.23014136160173,0.747617877452356,0.527723701130251,2.10410714031085,2.13988897615938,0.718016938832939,0.506833777797867
TraesCS6A02G009400,0,0,0,0,0,0,0,0,0.958203380912495,0.354249195128707,0,0,1.08457660035991,1.16681058265618,1.38715098850063,2.45793116158013,4.54279863849458,0.508919270229959,0.13830822660638,0.284691649517501,0.917758919777592,1.33880259134713,0,0,0.144833721646674,0.490724622453223,0.346912537854501,0.379020925666607,0,0
TraesCS6A02G039800,0.578087034076792,0.45281116492017,0.206404826769779,0,0.199232999561532,0,0,0,0,0,0,0,0,0,0,0,0,0,0.12329450463924,0.0634469054434563,0,0.113664004465875,0.47542871974943,0.190775076064592,0,0,0,0,0,0
TraesCS6A02G271500,2.01304076012995,1.81331939583152,0,0.173292368164017,0.260166803551141,0,0.754392621430211,0.207074725465207,0.0826247665226187,0.458197460289613,0.0963249981162546,0,1.08218062848872,0.487584737707896,0.418643474797267,1.32057760663802,0.599331996779626,1.05320444621855,1.55636362099018,1.27039164622178,1.61871724499979,1.33584500093915,0.473016955666264,0.830406974851604,1.06779615228912,0.888606919428945,0.861519337993766,0.882428443777066,0.479774586849043,0.406395927214784
TraesCS6A02G329600,0,0,0,0,0,0,0,0,0,0,0,0,0.354873296022331,0.164459181307445,8.71945437206698,1.73219780721958,2.58039562961413,3.10834172261255,0,0,0,0,0,0,0,0,0,0,0,0
TraesCS6A02G329700,0,0,0,0,0,0,0,0,0,0,0,0,0,0,1.45236951155722,0,0,0.901740575698708,0,0,0,0,0.0736347721641669,0.206831751510828,0,0,1.34113120910941,0.824208307507895,3.10696820892998,2.40402612150914
TraesCS6A02G329800,0,0,0,0,0,0,0,0,0,0,0,0,7.04844745078023,7.50995752482979,23.4447875445369,10.8282613465157,15.462537248274,11.1623570152057,0.112354704467413,0.0578173239053079,0.0677765062294876,0.15536806365839,0.0618920566991379,0.231797054850664,0.0588278455729147,0.0664400343149597,0.507265995100196,0,0.703094124756475,0.638100079961343
TraesCS6A02G329900,0.0386748367868276,0.193879710050326,0.4418807559015,0.213076390714347,0,0,0,0,0,0,0,0,0.29569442524903,0.085646172237222,13.0159372976154,0.360833881250388,0.281765485975641,6.75826273849684,0.0659886081167764,0,0.0398067649263328,0.18250276773394,1.96293708838195,1.12315467316901,0,0,0,0,0.0589920020167907,0
TraesCS6A02G330000,0.0993097074815465,0,0,0.273570049560916,0,0,0,0,0,0,0,0,7.68778770165991,4.94827342310894,3.82375820632125,6.60169402088753,4.50809099971043,1.97440123750306,0,0,1.22659543281141,1.17158196284898,3.36030218867073,4.8941454112773,1.50824809137936,1.4028098384475,2.38008348755873,2.55393621024447,1.51480366842392,0.962342616071899
TraesCS6A02G330100,5.25958539088524,7.1053055430757,3.90218080460279,2.82246711580572,0,0,0,0.224846063844683,0,0,0.104591695715784,0,21.4121012910429,23.219273834014,53.1524350103277,32.0240069609719,48.7309795616846,21.299389731152,0.407914654652212,0.0599746867375954,6.39779871117006,13.8065008409668,20.9296765467518,23.8041736701491,0.0610229144375757,0.137838280145961,0.409261868351983,0.958159243056441,0.520949271541311,0.55159148703126
TraesCS7A02G109400,0,0,0,0,0,0,0,0,0,0,0,0,0,0,0,0,0,0,0,0,0,0,0,0,0,0,0,0,0,0
TraesCS7A02G109600,0.426549656212002,0.534580948099929,0,0,0,0,0,0,0,0,0,0,0,0,0.0506901183769783,0,0,0,0,0,0,0,0,0,0,0,0,0,0,0
TraesCS7A02G169100,46.6420698306664,46.0390995512783,22.4975479531251,25.2564161049533,0,0,1.47582018713406,0.506376009330884,2.58622462473488,1.88238297803686,1.41330627488219,1.40586583017359,66.3349443399,48.2382272943493,38.6974327233191,51.2384111375551,86.1768901722423,16.805027498896,2.46727154381718,1.02652472224483,2.97669858956129,4.8394758203958,10.5260184899146,7.20207084541886,15.721964187601,10.2440483160578,8.42696226407348,8.19991069856033,8.0718244104095,6.26088784338541
TraesCS7A02G209000,0.586942660177719,0.784636090549236,0.223537824503074,1.07790692844451,1.40250946609756,1.63571157828973,2.8825023783265,2.0608619631621,1.28484896997232,1.08302405042021,2.0970504577429,3.08837902842486,0.523548732984567,0.779877507083504,0.762609084096828,0.638882931889715,0.986808503677261,1.06455444069596,1.5689632011805,1.03070142081283,1.53044035299246,1.60028552065956,0.772338782350339,1.3085344250672,1.11863024057709,1.26337843662105,1.13874318624559,1.09776990583168,2.26805018085218,1.76949448607734
TraesCS7A02G300400,0,0,1.27534689711408,1.22995314965192,60.9361418171123,55.1221946697792,0,0,0,0,0,0,0,0,0,0,0,0,0,0,0,0,0,0,0,0,0,0,0,0
TraesCS7A02G409900,5.06450888643645,4.36369030401455,4.52068208487125,4.65042804709892,6.10904644188673,6.96875983901021,10.3030962632054,12.4164273066047,6.23614592284549,6.30173360082463,4.60444594741877,4.93084328044247,14.8734863997141,11.0402111935762,9.95566585280029,16.1811985220665,14.9009031998113,8.77714634763796,5.35579010546248,4.63205073362409,9.01368936449104,9.62595449924259,9.66907318057713,9.33166846609898,8.62480638523476,8.5165784620444,24.338697162281,22.570586895514,23.3361252934817,21.1302458755307
TraesCS7A02G477400,1.9033046031698,1.78901277577124,0.453047417602981,0.218460992645757,0,0,0,0,0,0,0,0,0.0757917118869355,0,0,0,0,0,0,0,0,0,0,0,0,0,0,0,0,0
TraesCS7A02G477500,0,0,5.7502810976918,4.88013669055441,0,0,0,0,0,0,0,0,0,0,16.6508119785961,0,0,7.92046034325389,0,0,0,0,0,0,0,0,0,0,0,0
TraesCS7A02G490000,0,0,0,0,0,0,0,0,0,0,0,0,0,0,0,0,0,0,0,0,0.504371247122688,0.055057134094369,0.328986458171326,1.23211436421577,0,0,0,0,0,0
TraesCS7A02G526900,0.618051250258949,0.553274092185416,0,0,0,0,0,0,0,0,0,0,0,0,0,0,0.0494814481926058,0,0,0,0,0.208323095001764,0.414935492661423,0.777004597047643,0,0,0,0,0,0
TraesCS1B02G023900,0,0,0,0,0,0,0,0,0,0,0,0,0.868185511727415,0.457208889386674,0,0.192625605780282,0.13884568771038,0,0.0704540026509944,0,0,0,0,0,0,0,0,0,0,0
TraesCS1B02G128000,0.696049027088659,0.872335831024915,0.198818337572918,0.191741745763228,0,0,0,0,1.18847715496223,0.912562090112925,2.87766353687989,2.74685675943871,4.19087821336791,3.62232289931065,3.3417572970577,5.43880473101425,8.54279329518426,2.54916522926233,14.6078203975617,5.50034009167605,16.9791744845476,14.068981845548,5.69171590618004,6.1866898346929,0.621830458907615,0.632064508958285,7.03014520628088,5.69552198977783,6.79492160112287,7.19459862019785
TraesCS1B02G181600,4.69093541193563,4.23001096562925,0.980422927156452,0.630350989196611,2.52361799444607,2.67834140015124,7.25227263833847,4.14278872633829,7.21314211742461,7.41678501502543,17.1687268517459,16.8723869305918,0.0546726671684404,0.0633424815504455,0.326317637051798,0.133433362337383,0.288538694773133,0.119719724159999,2.73302818616982,2.76258400785049,5.06375222167059,4.9041281926839,4.35526666484746,4.17850409658142,0.715493671780575,1.78931317414476,6.02272688765837,5.08223631837854,12.8270734385259,10.6250310189397
TraesCS1B02G267300,0,0,0,0,0,0,0,0,0,0,0,0,0.142141531433183,0.164681874850176,2.19165264695588,6.24435613050773,7.20988586894183,1.63408912597534,2.79144768797305,2.74234965708209,1.07157547289844,0.701838673479201,0,0.0654430412137622,0.0664352379252686,0.075031805847903,2.86431848282711,2.86863925036939,0.680584776144965,0.840719536631532
TraesCS1B02G321500,0,0.0836806043378308,0,0,0,0,0,0,0,0,0,0,0,0,1.20608585609418,0.700829331668687,0.898065724765009,0.768535128954157,0,0,0.34362070635497,0.840215376477228,12.8025130195313,12.9858487439955,0,0,0,0,0,0
TraesCS2B02G245100,2.09564659940296,1.69943943377446,16.1973350030785,12.9041549303549,0,0,0,0,0.809555793201415,0.718305513504524,0.849411347025154,1.28021146151406,11.7224089066878,13.9907972717482,39.2313639517268,28.6814338438335,28.5667340758555,30.7643412386906,0.736169208395912,0.48706715289926,19.2859531800217,16.4819184926948,2.66490108103898,4.77330231470256,1.54180454525107,1.11941391148841,3.27094526432734,2.37765441795487,5.92303535400909,3.68321965346934
TraesCS2B02G245300,0,0.0484187809130255,0,0.106425773765168,0,0,0.330930485155808,0.0635864352202341,1.42080885886661,1.40698692519463,0.177471100996462,0.0802439966379897,4.09843082199719,4.44890141258985,0.973328723953305,3.06385152774688,2.61981903191832,0.646814971191552,0.230716413887006,0.135686663769333,0.119294279694814,0.303850310918273,0.181561643640806,0.0339990755795733,0.172572716172391,0.389806462319215,0.429888452642071,0.903224330422533,0.0589297522784684,0.124791995940382
TraesCS2B02G255800,0,0,0,0.140598733649802,0,0.170685591087705,0,0,0,0,0,0,0,0,0,0,0,0,0,0.0448137993838539,0,0,1.34321868776791,1.48223014488847,0,0,0,0,0,0
TraesCS2B02G316600,0,0.10381191111292,1.41961690809984,1.36908812133201,0.685145156863185,1.52355554759734,0,0,0,0,0,0,0,0.0917176203445364,0,0,0,0,0,0,0,0,0,0.0728954539010006,0,0,0,0,0,0
TraesCS2B02G533700,0,0,0,0,0,0,0,0,0,0,0,0,0,0,0,0,0.109139931829081,0,0,0,0,0,0,0,0,0,0.250035366379175,0.113823881710606,0,0
TraesCS2B02G545100,12.1016120984596,12.2776920267966,18.4356546218716,16.8269980746713,22.6410638536347,19.1751739276305,11.0570368689792,14.1320351859065,22.9337047385064,27.1148083221416,16.7654012985762,17.7144727184612,18.1745025802329,18.6318619393713,30.8169856607154,31.0495093724429,29.3241703928931,38.8329077988865,7.76768316740816,6.8812929135736,52.9668062250636,63.0435671359624,11.2118792071624,10.2440677430697,8.08268671943998,8.37269922464785,27.6712801902191,24.4526662648224,7.73519472404845,7.81789772678766
TraesCS2B02G611600,0.310623689124973,0.389294666673449,2.30687747566224,2.05363218199801,34.6854735661988,39.7855755497579,0.212858680836643,0,0.163193260575217,0.180998363272775,0,0,1.00934154772505,0.687882152584023,2.77591474053113,0.941882557675646,0.765954906185088,2.01519173699184,0.0529999001842888,0,0.255771973734808,0.146580277252373,5.780746101155,3.82701132980253,0,0.0626821138220321,0,0.290482666446975,0.189521816434034,0.100334741079894
TraesCS2B02G598400,0,0,0,0,0,0,0,0,0,0,0,0,0.475480756977099,0.423754580407161,7.71337578313379,6.69491434724152,4.93297280727121,9.01026495420201,0,0,0,0,0,0,0,0,0,0,0,0
TraesCS2B02G598500,0.157811115624411,0,0,0,0,0,0,0,0,0,0,0,1.58362208349965,1.83474774146118,7.27650822851136,10.1225309359394,7.95968813167262,12.715060359062,0,0,0,0,0,0,0.0704919873675443,0,0,0,0,0
TraesCS2B02G855500_M,0,0,0,0,0,0,0,0,0,0,0,0,0,0.0733077544164287,0.125885043829506,0.849340751225296,0.445243555526956,1.38554472807232,0,0,0,0,0,0,0,0.267201873990001,0,0,0,0
TraesCS3B02G006900,0.0646097273379943,0,0.184550198052979,0.355962911546321,0,0,1.10686514035054,0.425355847837942,2.12151238747783,0.847072340116585,1.08824583165929,0.536785135157188,11.5468673059746,9.15708721519852,36.7932733353463,12.9603039936169,22.7753209740926,18.6593753608431,11.685417992632,9.64392962740535,9.57610269663122,11.2300036412284,1.57890277348718,1.30774444298395,30.3609818909512,13.0378796749827,13.0512578064838,11.7819769510893,69.1830438710796,55.513205544684
TraesCS3B02G026700,0,0,0,0,0,0,34.8578957962892,31.0741960847928,46.4958638231203,43.113347650275,6.1530529284505,8.08139060914639,11.9479779958348,10.5232387467778,6.79165163294799,13.0922769457168,16.1215270730385,4.33827571868986,0.707404010357545,0.504038133836517,6.76206438806671,1.50495894414747,0.179853572428854,0.280660197075281,20.8558035935642,14.8020062512144,11.1920592569726,12.6007399641441,8.46442732770537,9.06531960288867
TraesCS3B02G227600,0.147036862750456,0.0921382825540372,0.629990635923825,1.01261203083793,0,0,0,0,0,0,0,0,0,0.0814039923539861,0,0,0,0,0,0,0,0,1.10560589637657,1.55276099393939,0,0,0,0,0,0
TraesCS3B02G338000,0,0.10040451796917,1.1441843059448,0,0,0,0.548992192150525,0.527428841228667,1.99926623240069,1.40045998365981,0.736032589544772,0.332798953233851,0.535959625633727,0.620950366183798,0.418905208760879,0.654027859159165,0.718365240573031,0.335320015152732,0.136694126222936,0.211026906507776,0.247376832364957,0.0630084926287855,0.15059949026136,0.141005648246137,0.0715717333447277,0.24249885609924,0.0685727919464404,0,0.244401583847827,0.258777275316197
TraesCS3B02G362000,0.624860194861766,0.522078106709475,0.198315636340117,0,0.287137319216366,0,0,0,0,0,0,0,0.331768397482319,0.307503323835285,6.13856692709324,0.809709404828621,1.05055807957854,4.21364996285002,0.0592312411667652,0,1.07191415035511,1.85655997180671,26.1026423702053,27.0059686268933,0,0,0.178280589934077,0.243476621813331,4.34199033807529,4.03672920369982
TraesCS3B02G366800,4.43361495289664,5.97586585356946,0.477890840350441,0.691321724632993,0,0,0.57324318007492,0,0.109872690288265,0.243720568367301,0,0,0.879426299007968,0.277877146786417,2.187048900271,2.34143539090122,3.84425252645189,1.22546313230037,0,0,0,0,0.0786260095766657,0,0.0747333179098413,0,0.50121331630616,0,0,0
TraesCS3B02G371400,0.446489985669067,0.932619201461596,0,0,0,0,0,0,0,0,0,0,0,0,0,0,0,0,0,0,1.1488944348657,0.819366536258069,13.2891806294653,9.95408165626996,0,0,0,0,0,0
TraesCS4B02G262500,0,0,0,0,0,0,0,0,0,0,0,0,0,0,0,0,0,0,0,0,0,0,0,0,0,0,0,0,0,0
TraesCS4B02G043000,8.74541923346941,9.19554981068653,3.17545887338122,2.96035282375736,0.204341538011827,0.2478511417144,5.26918594141234,4.87925061622471,9.97769321236198,10.6884296627396,19.3490402592592,18.0105538769846,2.40825351737908,2.09260991680824,0.89836434491993,2.37695058414772,1.6198663566211,2.13265905386233,3.60399321253163,2.99339246194768,4.61511359625,4.08024631415961,4.70204228323612,4.79383524470001,3.70782145700055,4.3745517330534,10.1816020851892,10.1363162028602,10.6265214968977,10.7727827264729
TraesCS4B02G028400,0,0,0,1.7449162330702,0,0,0,0,0,0,0,0,0,0,0,0,0,0,0,0,0,0,0,0.111487164789766,0,0,0,0,0,0
TraesCS4B02G316400,2.14240544847686,2.82884745872803,2.62265694202771,2.52930804442527,0,0,0,0.062966295831113,0.502482906125016,0.278653000928479,1.75740278694859,0.794614010594931,0.438752438718519,0.127082094646662,13.6210050937957,4.90789378712214,6.02470670707073,6.16487774984822,0,0,0.43314640762753,0.150443475085449,0.143832742005102,0.538679885044803,0.615202798844023,0.88781103324943,0.196475021439017,0.491928500266525,0.933680449893058,0.617874685577336
TraesCS5B02G014100,0.0899562133289028,0,0,0.2478038286768,0,0,0,0,0,0,8.81551235831511,6.16577520112986,0.601802331485536,0.796839079946636,3.84846353279762,0.944196765434062,1.91571418424313,2.72972737151054,0.613948065689255,0.394919313161562,3.79615045702063,3.46670559075281,1.94465754562304,2.2165949323803,0.803643295787237,0.544579740724092,0.153993935722473,0,1.50934491646564,1.30755642920826
TraesCS5B02G067300,0,0.144140936267782,0,0.316825628077878,0,0,0,0,0,0,0,0,0,0,0,0,0,0,0,0,0,0,0,0,0,0,0,0,0,0
TraesCS5B02G219500,2.33855263098372,2.74174672385729,7.32623725787239,8.935744791908,0.103995247023876,0.12613852747965,0.904649393555733,0.869116516015026,12.5833660564962,12.7474561562111,6.46859410426848,4.85724186517579,3.60479124187519,4.3434844491734,3.19145820852857,5.54261658939899,6.34150977523368,1.89446596472965,0.707927238175857,0.331178902040019,3.26109266511881,2.90717549883872,0.63813430986776,0.265547724925074,2.35877034652937,2.66398983743636,3.03476991390988,3.52728952114184,0,0
TraesCS5B02G219600,0.892979971338133,1.3774068206202,1.76586493446565,1.89223561484911,12.0262471029888,12.2897895391555,3.05962721722915,3.27861840187782,3.42838524655579,3.00192407379236,6.83672547605612,7.56165426480028,16.6090023788253,15.8201710018674,24.3258676276262,14.9004760343734,17.5156280837891,21.2755202109476,0.293007578254604,0.180936765992596,1.34332272384298,0.648290006709681,1.87232180528499,2.53889532123485,2.76148723496121,2.07921158043814,2.46939243643523,3.37243290801854,1.88597319768502,1.77502761455163
TraesCS5B02G496200,0,0,0,0.193705809740316,0,0,0,0,0,0,0,0.438156880490022,2.01609835397066,2.64724532369595,0.167128111166094,2.87026950994627,2.71913545906563,0.294317375655823,0.059989643742524,0,0,0,0,0,0,0,0,0,0,0
TraesCS6B02G015400,1.49468276439649,1.02176605956419,8.40940077725947,10.6054929316378,0.49952026281819,0.605881059003284,0.775946696328217,0.67092211050727,0.892347478444282,0.527843474253634,0.693539986437033,0.28222723601048,0.173148900558195,0.250757865106918,2.38985617898554,0.73952345971729,0.380752092071763,1.61140280271438,0.231844511816468,0.4374566016555,0.372952453247951,0.605583067092414,0.255429156059782,0.837050230650417,0.36417468772808,0.594097197561066,0.348915331887475,0.52945706626624,0.690875405062621,0.731512668986612
TraesCS6B02G014700,0.078064347174549,0.195671064869555,0,0,0,0,0,0,0.307596678781433,0,0,0,1.64134574356427,0.864375014760876,3.4510351381171,1.82083905961461,1.39996978653252,2.45055298920254,0.332991554818133,0.342712495643403,0.964189444697529,0.61396335034872,0.146746198399662,0,0.209221420928831,0.315058926047911,1.13591049175244,1.00378587367818,0,0
TraesCS6B02G054800,0,0,0,0,0,0,0,0,0,0,0,0,0,0,0.400082926653546,0.196315751484886,0.235842611308819,0,0,0,0,0,0,0,0,0,0,0,0,0
TraesCS6B02G298700,1.85070498016925,1.61657169523708,0.240287467467499,0,0,0,0.912732806569379,0.738427307964771,4.67740132199605,5.43281581994043,31.9020426107374,35.4111000573442,0.696772924444357,0.558875711611794,0.239927187824656,0.457836198574018,0.785740637625755,0.616172999506147,0.287068134365553,0.19696562935727,0.259755147183321,0.15437643700752,1.13330249545289,0.641599098465891,0.400816324393655,0.39609591047305,0.624035165106667,0.458898835837091,2.05304817843475,1.22276721985955
TraesCS6B02G360400,0,0,0,0,0,0,0,0,0.094289439443459,0.104576832113159,0,0,0,0,4.43621362789372,1.17212051621858,2.09206269325705,3.60567639823056,0,0,0,0,0,0,0,0,0.122893199684405,0,0,0
TraesCS6B02G360500,0,0,0,0,0,0,0,0,0,0,0,0,0,0,0,0,0,0,0,0,0,0,0,0,0,0,0,0,0.18250248989944,0
TraesCS6B02G360600,0,0,0,0,0,0,0,0,0,0,0,0,4.52138640186959,3.66686124352327,17.9908072689003,10.5750489605507,12.6821697669129,11.3033295919046,0,0.138462736933314,0,0,0,0,0,0,0,0,0,0
TraesCS6B02G360700,0,0.098465374918263,0,0.216429524187678,0,0,0,0,0,0,0,0,0,0,6.3863022530309,0,0.132092106333909,3.53507168335104,0,0,0,0,0,0.0691411815970864,0,0,0,0,0,0
TraesCS6B02G360800,0.211224108604982,0.264720373337945,0.201112395314144,0.193954150522034,0,0,0,0,0,0,0,0,8.07473238180043,8.10783763845702,5.1206767660436,3.69507772626599,3.82745345545215,2.72592602702767,0.180199660626582,0,0.942093436589877,2.76873857032259,6.02209711682612,6.56788039648015,0.377403255444699,0.426238373989818,1.08476882029119,1.48146159887957,0.859165567834285,1.02341435901492
TraesCS6B02G360900,1.38368022769703,1.87285162089431,0.237139332343208,0.457397543181214,0,0,0.0474091896849566,0.0455470484583335,0.0363474029600636,0,0,0,4.60192608909866,4.22857745316352,10.0764650030407,3.74379925167321,5.70728423557304,6.77597350347749,0.0708267751517933,0,3.04773991580096,4.59238089094173,6.19051555471166,7.35478213796006,0,0.0558437778973811,0.40267726427203,0.744027913101525,0.1688458409954,0.0893886733329571
TraesCS7B02G007400,0,0,0,0,0,0,0,0,0,0,0,0,0,0,0,0,0,0,0,0,0,0,0,0,0,0,0,0,0,0
TraesCS7B02G007600,0.256148639166489,0.0642045681603226,0,0,0,0,0,0,0,0,0,0,0,0.113449220687365,0,0,0,0.0536058466388055,0,0,0,0,0.385208770799112,0.315585635778492,0,0,0,0,0,0
TraesCS7B02G073900,8.33287940995996,10.7722531850543,20.4284060329851,21.689496402464,0.180904515730901,0,1.68608489121499,0.971915243715729,6.54956751402952,5.54369658406314,1.60748814060674,3.27073379844881,51.4197414516085,37.5605023215258,20.8344259546572,46.1421175566693,54.2742319057133,9.68056264175475,3.19063198385417,1.32503214713455,4.32214909976718,5.52159906999101,6.66038390801045,6.12060538740086,13.7749933737581,13.3727833942325,13.871735093409,12.7319559155003,9.8080370378215,6.14619216803865
TraesCS7B02G116100,0.540926436759258,0.463843889000651,0.162641439445342,0.235278751799668,1.13817918878594,0.904483210004416,1.65828940156199,1.31201000240319,0.972222369378123,1.2856607431641,1.35139627994826,1.06438732087934,0.163252754219915,0.346758219374134,0.270662633117095,0.265621623315475,0.478654133371708,0.387273757780401,1.09296839260291,1.37484740670631,0.996304100903758,1.1195521435208,0.642214311503341,0.726573816565338,0.890194303926065,1.20646009434132,0.584841665683171,0.998392990432062,1.51990798353266,0.965585346504489
TraesCS7B02G201300,0,0,0,0,0.563936981999121,0.342006882700876,0,0,0,0,0,0,0,0,0,0,0,0,0,0,0,0,0,0,0,0,0,0,0,0
TraesCS7B02G309300,3.53137734183699,3.191912841417,2.26192662851372,1.88663117577162,1.88828782125349,1.71776488863947,4.14319550782034,3.34640342097758,2.0239525816624,2.68125868461602,1.47471845323346,1.15578249093666,4.52040259799545,3.62577696419697,2.22801441977689,5.3664547908098,5.74528593593476,2.10512624867465,1.46069872994267,1.37179825175485,4.82428205642673,3.98931420194727,2.97718641562276,3.14538486023877,2.52386588598247,2.54812808145121,3.38902184047845,3.07723707015905,3.75424549078017,3.35288518243133
TraesCS7B02G379000,0,0,0,0,0,0,0,0,0,0,0,0,0,0,0,0,0,0,0,0,0,0,0,0,0,0,0,0,0,0
TraesCS7B02G379300,0,0,0,0,0,0,0,0,0,0,0,0,0,0,0,0,0,0,0,0,0,0,0,0,0,0,0,0,0,0
TraesCS7B02G393200,0,0,0,0,0,0,0,0,0,0,0,0,0,0,0,0,0,0,0,0.0582362900205637,0.204802920997799,0,0.249362199454498,2.04292150697188,0,0,0,0,0,0
TraesCS7B02G388500,0,0.127457957533085,0,0,0,0,0,0,0,0,0,0,0,0,0,0,0,0,0,0,0.209354097019973,0.0799857809204305,0.191177686248448,0,0,0,0,0,0,0
TraesCS1D02G019300,0,0,0,0,0,0,0,0,0,0,0,0,0.165179419297255,0.287059554469367,0,0.100783656840195,0.0968606161315525,0,0,0,0,0,0,0,0,0,0,0,0,0
TraesCS1D02G104500,0.544081914425216,1.44899572774454,0.582790099114671,0.187348900813853,0,0,0.116512120036899,0.111935749431037,2.05451725945221,2.08052855467232,4.99864114063595,5.93288833594787,2.20992675712433,2.71097976765746,4.23505738241838,2.61744205501443,5.22168684369624,2.20610463839106,3.19115188478033,0.656862079885194,2.17002327189743,3.79771497274217,7.28724356994085,7.182120510667,0.303792094166011,0.0686204193420141,8.26618469456155,7.47304880838324,7.67663104882275,8.01833004503746
TraesCS1D02G161800,3.16836162907472,3.30900466672432,1.50834296485608,1.24684811049879,3.11985741071629,2.14435496715405,12.4066202544786,7.82204864413524,11.7907130765595,14.2859422440297,19.0592504857911,22.2493014469343,1.29772484707507,1.58704239489028,2.58185383161862,1.14371453432043,1.90245293257011,2.2102102921846,4.18320640740279,3.84167526366422,7.68686128206576,7.35693391542861,4.60874779348938,7.83365788528967,3.10009816972431,3.42512979098961,4.77814837509214,5.90820994791259,13.0025503346349,11.0869888893283
TraesCS1D02G256100,0,0,0,0,0,0,0,0,0,0,0,0,0,0,3.77059286534804,0.41670796305754,0.360438707849326,2.0189559207724,0.73158482908905,1.44313846083489,0.147106327118784,0.0562034114470169,0,0,0,0.0721027828479849,0.611667519574299,1.0859553685129,0,0
TraesCS1D02G309800,0.205686397892491,0.171853425887305,0,0,0,0,0,0,0,0,0,0,0,0,1.10809484741684,0.559720471227974,0.422661758469175,0.430452940799996,0,0,1.2702383414695,1.99515093981299,14.7571989272679,16.7132621777436,0,0,0,0,0,0
TraesCS2D02G225400,1.89131791123338,1.93137823404725,3.60155360996248,4.82411471323937,0,0,0,0,0.828039273683948,0.91838200140191,0.8580788097499,1.74592103909544,6.69461230633964,7.21328667452012,41.722040737337,26.1420464987526,27.7154174843308,30.3452851850446,0.956161464549209,0.553541879124032,10.2380562241655,10.0267889653825,2.04101687997387,4.13021550731677,1.50191091452482,2.68573669325217,1.25910666640942,1.47390312133427,3.63282379766665,3.73337380967179
TraesCS2D02G225500,0.0765945163700072,0.28798032245969,0,0,0,0,1.04974657662255,0.630321601572962,2.3138391729535,2.00840024853305,0.234565476584352,0.159089039359697,2.56206641124072,4.74936095976562,0.691775185939655,1.78655547899425,2.27504242833674,0.561029669703761,1.24154298953321,0.336259749909531,0.709526437599071,1.02408573061304,0.0719915973320516,0.202216259147964,0.752701053397377,0.927380562655671,0.852282336723436,1.07442124325994,0.350496413656246,0.371112598805969
TraesCS2D02G271000_M,0,0,0.270228541507377,0,0.260839069193392,0.316378459966185,0.324146552729703,0,0,0,1.01402594916181,0,0.0904147467385061,0,0,0,0,0.0989930535689913,0.161419161973854,0,0.194747997227882,0.0744053776004005,6.2243897848332,4.57904001119722,0,0,0,0,0,0.305584534417318
TraesCS2D02G298200,0,0,0,0,0,0.166356608705046,0,0,0,0,0.304680157085109,0,0,0,0,0,0,0,0,0,0,0,0,0,0,0,0,0,0,0
TraesCS2D02G506100,0,0.0523999216352233,0,0,0,0,0,0,0.164746298837258,0.0609069482805987,0.256084425901759,0.607893329688859,0.31966964891787,0.185180912945345,0.496867357520819,0.536374688345172,0.702949237361267,0.524998561980658,0,0,0,0.0328833815736829,0.157192159229786,0.257562087213204,0,0,0.393660553994772,0.635368633956726,2.10457953140983,1.68815970907169
TraesCS2D02G518100,34.699602319087,31.1606170804766,20.0962311437044,17.8756250667696,0.0941648505390323,0.228429970162152,8.19135271776833,8.43172739417563,15.8796785420915,14.5275949984063,7.63519378725222,6.24246394741257,23.3052443929949,26.4714848270518,19.5141193898637,33.2985943027022,32.2321168821198,27.5176679412535,4.7784288116402,4.67802556553245,50.8308622876478,69.2473913774563,18.3616180747577,19.4160305440863,5.79717687156969,7.51218626795488,34.8457247911117,32.4177210567429,4.79273329818006,5.2952782755001
TraesCS2D02G586500,0.295656894951791,0,3.37803861846638,3.05419052639004,27.0023728880837,32.7518771485519,0,0.121652917450286,0.0970813205575318,0.107673319739659,0,0,1.20088550227315,1.06394908445432,2.28378427007988,0.344807611962013,1.78119894126438,1.00545232672731,0,0,0,0,2.70942265975257,1.04074693806435,0.0660328710737696,0,0.0632660146423753,0.0864019775030707,0,0.119375385080251
TraesCS2D02G601700,0,0,0.216967729384554,0.209245141642029,0,0,0,0,0,0,0,0,0.508160889864343,1.85033639051924,8.12409054900742,2.65759393866987,1.27707306123655,11.2069584109941,0,0,0,0,0,0,0,0,0.130032223732462,0.0887920736995595,0,0
TraesCS2D02G601600,0,0,0,0,0,0,0,0,0,0,0,0,0.138851218205563,0.16086979441383,4.21277795982215,1.52495271242724,1.16026141813535,5.2448641060571,0,0,0,0,0,0,0,0,0,0,0,0
TraesCS2D02G548200,0,0,0,0,0,0,2.74529469460804,3.7364085114032,0.175395553007285,0.291797969239756,0,0,0,0,0,0,0,0,0,0,0,0.0525134610298267,0,0,0,0,0,0,0,0
TraesCS3D02G003600,0.550099514897782,0.229807335785862,0.174588389922128,0.505122662461391,0,0,1.15182961182834,0.201197813390234,2.32811487373749,1.15750316679506,1.02950356918241,1.65038278895017,20.094715198337,17.8670211732275,46.5742612971871,21.4562628720146,41.1393771749992,17.2684209806743,24.1429439579609,19.6420603429625,23.3400110166841,29.4678833614701,2.18306406333787,2.15157199494105,65.8534027697494,51.2482265354703,28.9311929106784,29.6512161972002,177.419841257532,147.086151987528
TraesCS3D02G027300,0,0,0.401452766078138,0.387163755360682,0,0.117503324382835,26.2446718498984,18.0429255992678,23.3515669316497,20.7808818208739,6.24097243073376,5.40047744743876,7.58911188027181,4.51299983714498,4.20893382147425,5.90077671449771,10.7908179815348,1.61770990035776,1.25897651570203,0.925521077486118,1.01261482627703,0.497416372710547,0,0,8.85195351542077,5.45955997906344,7.39835932457075,8.29669046418802,2.67973905514532,1.58892227204705
TraesCS3D02G199100,0,0,0.85370159643555,1.23497336658928,0.103004816099839,0,0,0,0,0,0,0,0,0,0,0,0,0,0,0,0,0,2.03662759636102,1.64386686858379,0.133503192402206,0.150778200322929,0.255818497302231,0.174684814380358,0,0.241349417998984
TraesCS3D02G303400,0.250768348115503,0.104759965095686,0,0,0,0,1.14561384389402,1.37577043630994,3.84261756636014,2.43535088482698,1.66391537841914,1.04170631251966,0.399435011276277,0.555331345099796,0.39734263263537,0.292456684575086,0.327918151340343,0.0874664651397252,0.713118900500932,0.220181041721583,0.344143721128722,0.394450426456918,0.471397034585215,0.588489326470178,0.448058659432062,0.168678808580446,0.0715474107751672,0.0977118253954057,0.38250521855636,0.270002773560507
TraesCS3D02G325400,1.8193782115423,3.29357617870769,0,0,0,0.33802029940559,0,0,0.265514433770231,0.0981610755417993,0,0,1.67439235892549,0.298448011231547,70.1803134017658,8.56593069630906,10.5738515548764,51.4016268442538,0,0,0.20806971605666,0.688957278602972,38.6976477305601,30.1245158965308,0,0,7.95940803109364,7.40427842057603,18.089915514155,15.5625954471063
TraesCS3D02G328900,5.18855228855351,4.76250092818233,0.626218236906317,0.805238788594473,0,0,0.250388654503783,0.240553872696108,0.0959832617089103,0.106455457839742,0,0,0.698413313129778,0.485499259787845,0.590541565389814,1.19317657339616,0.614320574367282,0.305870752344907,0.0623445266306204,0,0,0,0.34343296930859,0.578798633968424,0.195857976877488,0,1.00080689563348,0.256274128881364,0.111468586645167,0.236050328981042
TraesCS3D02G333300,0.19002860981763,0.714470211777154,0.271397350077911,0,0,0,0,0,0,0,0,0,0,0,0,0,0,0,0,0,1.27133716356419,1.04618080235027,27.0592500207362,28.1783809006133,0,0,0,0,0,0
TraesCS4D02G262600,0,0,0,0,0,0,0,0,0,0,0,0,0,0,0,0,0,0,0,0,0,0,0,0,0,0,0,0,0,0
TraesCS4D02G040300,7.00670167705597,5.85418238498091,2.03844577884862,2.32332555970871,1.16268283264497,0.325441871252871,3.11203666158806,3.5236950773344,14.0598753617845,17.295019033292,34.6698304206333,33.8225364990508,1.55008152633499,1.50854628240636,0.801820065053443,0.832283701289289,1.05439617542614,0.610973666120727,4.20643271586681,3.18995900256763,3.00490523188738,3.62274641522659,5.48803044989639,4.68167069909249,5.21632379055283,3.14202888800528,8.60724226377927,5.46031918311196,6.33336461108794,6.60111329027936
TraesCS4D02G015400_M,0,0,8.37533005593968,10.9151686440972,0,0.265018320361285,0,0,0,0,0,0,0,0,0,0,0,0,0,0,0,0,0,0,0,0,0,0,0,0
TraesCS4D02G313000,1.27858495896142,0.991967696100062,5.04341727495115,4.52846386917299,0,0,0,0,0.399841580788504,0.532159267626827,2.89007031487827,1.77043877726456,2.38571638553195,1.95504954142395,20.1723630177475,9.15986008418045,10.8505903843732,10.3208489475405,0,0,0.250667876697972,0.335195401196483,0.171678410045724,0.428644664624065,2.01253842426718,1.35148752728479,1.92821065247621,3.20271631686826,3.06470644623815,3.34330485354469
TraesCS5D02G021800,0,0,0,0,0,0,0,0,0.235916340717076,0.523311702806649,13.3391613499306,13.6171372185215,1.11580521056768,0.994419988363494,4.78136717577123,1.99004458629098,2.6675477041986,3.28911098264592,0,0.157709397013988,1.10925147071907,1.34203452533707,4.72707541467954,3.55655906318291,0.160465815888179,0,0.384355264752943,0.524911441412768,3.83568601829534,4.35139384045593
TraesCS5D02G071500,0.321629682209635,0.30231609253821,0.459348955622349,0.442999231060576,0,0,0,0,0,0,0,0,0,0,0,0,0,0,0,0,0,0,0,0,0,0,0,0,0,0
TraesCS5D02G228400,1.45124770029014,0.957264215130262,5.45436955302616,4.41859386029335,0,0,1.30853319791094,0.377140963834059,11.1357270519351,10.9042073762497,30.8765159469394,34.2676463194922,2.04395172946826,2.02977854648437,1.85170508925081,2.93961677249534,2.39713185458254,2.23787634591152,0,0,0.393084883139031,0.18021831027969,0.933287453034845,1.07548675240864,0.0682370281054393,0,0,0,0,0
TraesCS5D02G228500,1.77274840308687,2.59201656745157,2.10985431533332,5.90079742408663,30.4463394891476,27.1719523350918,1.13887267299014,1.70199549067637,0.388064135436428,0.645605459851242,7.69097133580812,6.75042503526524,17.5070189636346,21.2646716812255,22.1904771073825,16.2812032700032,15.3990792314699,22.7233994263067,0.441107440942002,0.129709880664497,1.06436918189038,0.87139855474847,6.1094577340459,6.37028812611111,1.78168853612763,1.56507163549725,1.95992752556534,2.50397230566061,0.112667979642021,0.357885317207639
TraesCS5D02G496600,0,0,0,0,0,0,0,0,0,0,0.127218946074872,0,5.63765354644614,7.35961056440879,1.89570306547489,6.29821619504743,4.09745317438801,1.82568051366534,0,0,0,0,0,0,0,0,0,0,0,0
TraesCS6D02G009800,0.682214512264537,0.759997759203487,7.14511118755841,6.99519938321705,0.783732296411822,0.443617623213455,0.0649299771772231,0.0623796533233697,0.149340416509826,0.165634112974258,0.058034315635259,0.0787210774471376,0.362220569231903,0.293762233277428,3.69331211017908,1.10503819741104,2.0603269118376,3.17269662370183,0.194003775415782,0.166389400058753,0.234060481140342,0.208658558922862,0.213739028103855,0.233476743653929,0.643330601068603,0.573612718619838,1.3625115617184,1.15190710931975,0.0578113477321207,0.0612118089127858
TraesCS6D02G012400,0,0,0,0,0,0,0,0,0.417850376099905,0.463439690465265,0.365351441081058,0.495583669316013,2.35634840685415,3.34646448509812,4.99046234216798,5.84362762792537,7.17620736408969,3.99470303352118,0.882077991191667,0.279331777766991,1.39165141972726,1.50125375920171,0.14950897983224,0,0.923695150907373,0.481485780900881,2.38266866151335,1.76645433223874,0.121315920150388,0.12845171776195
TraesCS6D02G045700,0,0,0,0,0,0,0,0,0.188578878886918,0.104576832113159,0.219847642759452,0,0.411653023385904,1.19232906447897,12.0801509559568,4.5210362768431,4.02319748703279,7.88741712112934,0,0,0,0.112921102475902,0.134948954998905,0,0.128267773092316,0,0,0.167834429502697,0.547507469698319,0.347827102410301
TraesCS6D02G251700,2.39067051754428,2.72683348618104,0.84399332442913,0.665961426590697,0.0370303447460905,0.13474519149697,1.05841102929093,0.574734913011649,9.52579296505085,8.80424907188918,56.8015015670981,64.9419433510053,1.97671976380099,1.93327016324177,0.676736014233125,0.84582850373807,1.23441026344616,0.955649742377687,1.00830722307072,1.60378384608355,1.29943922288259,0.781665885443972,1.64107038085608,1.22922165257564,0.911896347222701,0.921483792142331,2.78200269718438,2.85737192708003,3.97434989376021,4.33826906894726
TraesCS6D02G308500,0,0,0,0,0,0,0,0,0.0922986835243073,0,0,0,0.134320564252598,0.155620684039482,2.67233893426936,0.655641857166412,0.551355663290098,1.69124216855584,0,0,0,0,0,0.0618422084918277,0,0,0,0,0,0
TraesCS6D02G308600,0,0,0,0,0,0,0,0,0,0,0.541828114403932,0.440980056266375,0,0,3.93599624072787,0.577752702904133,0.356955086317277,1.18485500199587,0,0,0.145684552049981,0.0556602083724645,0,0,0,0,0.54518020607418,0.4136383330205,1.07949282041035,0.685793127174948
TraesCS6D02G308700,0,0,0,0,0,0,0,0,0,0,0,0,12.5632822494054,10.9604870743381,12.0457555998933,14.4073398295937,21.3023520870719,5.55181878728993,0,0,0,0,0,0,0,0.0799004882749479,0,0.0925690977430159,0.36237336494813,0.383688151901774
TraesCS6D02G308800,0.183366504965927,0.114903667892931,0,0.757683993692087,0,0,0,0,0,0,0,0,0,0.101517165756974,7.06022800699717,0.106924898033295,0.102762807264777,2.97400583556057,0,0,0,0.0721073817980509,0.517041488685286,0.484103698861737,0,0,0,0,0,0
TraesCS6D02G308900,0,0,0,0,0,0,0,0,0,0,0,0,1.80448969053869,1.8022757050512,1.3927012369727,0.835243809296245,1.09463405248847,0.681274067537635,0,0,0,0.0512060719585447,0,0.114593209096297,0,0.065691747028662,0.334368575312044,0.0761074917424796,0,0
TraesCS6D02G309000,3.81972341182039,6.25258624889058,7.12528798728323,6.65693592565335,0,0,0.133546539289988,0,0,0,0,0,27.5652681025267,24.6860351092836,47.171310372399,27.4556425896764,31.4982955562135,25.9389903417775,0.332518891149122,0.136890413447911,4.33269373250703,7.17317478857743,12.9686041530353,13.0342659019291,0.139282961555176,0.0786529291961339,0.200170257825202,0.182247464257719,0.237810199755409,0
TraesCS7D02G104700,0,0,0,0,0,0,0,0,0,0,0,0,0,0,0,0,0,0,0,0,0,0,0,0,0,0,0,0,0,0
TraesCS7D02G104900,0.231234813630717,0.144899572774454,0,0,0,0,0,0,0,0,0,0,0,0,0,0,0,0,0,0,0,0,0,0,0,0,0,0,0,0
TraesCS7D02G170200,17.9177784248953,17.3111080504026,27.5706811030663,27.3534126221075,0,0,0.855304881179966,1.18691467641648,5.10020149716892,3.47480292157814,2.71811631048049,2.41959966226157,74.8054626663461,59.3346299905264,24.9979086808165,46.5803737614137,70.601629719034,14.9758491312871,2.74485947701904,1.07154773637837,4.22514632167581,6.15163369624402,10.1671769504857,8.78721562479334,19.773643292845,11.306080506033,17.0933268651945,17.4433374117235,15.6537362927383,9.58632574673238
TraesCS7D02G211200,1.78719129950381,1.29074909007581,0.346095241798196,0.750997317520507,1.96265933379424,1.8740581225548,4.15150742106106,2.94147762949156,2.4667115900735,3.4859905398559,5.1484728584994,5.15911802543519,0.665842521279186,0.536646727311,0.691152634461613,0.847850156716301,0.645087429387993,1.01428293607147,1.8347963238647,1.4628133742617,1.90185437281795,1.50089148754167,1.7936748169256,2.13258404573032,1.38013435388767,2.01716781513108,1.52972547373293,1.84127236779296,3.46533271637519,4.10946306322595
TraesCS7D02G296100,0,0,0,0,70.3831385543116,65.9249887781968,0,0,0,0,0,0,0,0,0,0,0,0,0,0,0,0.0626429611269507,0,0,0,0,0,0,0,0
TraesCS7D02G403100,4.61271519418787,5.18034742043386,3.76448181466126,3.38295813127606,6.52410651413927,6.76132777785656,6.82471252340491,7.78910422206649,6.3732152878254,6.54496399508315,9.08108056961389,9.45631844318362,6.84161262892118,5.83711245310241,3.31745882445897,6.98642093503615,6.27803126814808,4.04311170983754,2.60643305144093,2.7088212479486,9.68041469612941,8.33928654526834,7.46046547645294,6.98520140340131,4.44197559448955,4.83542851321965,9.79358596775938,9.27849324268727,14.7571702454438,14.9963089422058
TraesCS7D02G464900,0.475826150792449,0.844811588558642,0,0,0,0,0,0,0,0,0,0,0,0,0,0,0,0,0,0,0,0,0,0,0,0,0,0,0,0
TraesCS7D02G465000,0,0,0,0,0,0,0,0,0,0,0,0,0,0,0,0,0,0,0,0,0,0,0,0,0,0,0,0,0,0
TraesCS7D02G476400,0,0,0,0,0,0,0,0,0,0,0,0,0,0,0,0,0,0.0371704188853813,0,0,0,0,0,0.437655629436667,0,0.0358415191582641,0,0,0,0
TraesCS7D02G472200,0.260070725669906,0.434584354019674,0,0.119403502294544,0.0597541750855422,0,0,0,0,0,0,0,0,0,0.0206041128367355,0,0,0,0.0369786201759363,0.0761162559384795,1.20457092918358,1.77269197178034,1.01850779966616,0.762899541221206,0,0,0,0,0.0661157402240275,0.0700046654416943
TraesCS1A02G019800,0,0,0,0,0,0,0,0,0,0,0,0,0,0.22072153280736,0,0,0.0558574605731412,0,0,0,0,0,0,0,0,0,0,0,0,0
TraesCS1A02G020200,0,0,0,0,0,0,0,0,0,0,0,0,0.0811844709693779,0,0.323036794606575,0,0.285637687014393,0.0888870341791175,0,0,0,0,0,0,0,0,0,0,0,0
TraesCS2A02G705800_M,3.36330698305128,3.07846159257614,0.431770633669451,0.62460376703466,0.833536306440125,0.505508882877331,1.03584145252141,1.27504311862655,0.769335646448178,1.29367280186775,0.491849061428981,0.431699725934948,0.28892901004894,0.37658974064741,1.00595425012355,0.330541960718788,0.317675493987278,0.45474135720846,3.51409487848431,3.81576434595429,4.70641551669878,3.90833669579203,4.52867149430781,3.70807499184897,1.33353911351008,1.54422503977732,3.75212198176298,3.07013144007729,2.07512206647056,2.59389383958138
TraesCS3A02G070300,0,0,0,0,0,0,0,0,0,0,0,0,0,0,0,0,0,0,0,0,0,0,0,0,0,0,0,0,0,0
TraesCS3A02G301300,0,0,0,0,0,0,0,0,0,0,0,0,0,0,0,0,0,0,0,0,0,0,0,0,0,0,0,0,0,0
TraesCS3A02G514400,0,0,0,0.422581668735158,0,0.256505162025657,0,0,0,0,0,0,0,0,0,0,0,0,0,0,0,0,0,0,0,0,0,0,0,0
TraesCS4A02G386700,0,0,2.20784895629884,1.27755865509236,0.106556706310179,0.1292453877624,0,0,0,0,0,0,0,0,0,0,0,0,0,0,0,0,0,0,0,0,0,0,0,0
TraesCS4A02G464100,0.0841014827523663,0,0,0,0,0,0.432236769968436,0.276839564059916,4.19754058900667,5.51310481699156,1.15899771852896,1.22276858889176,0,0.0931221780833501,1.15935209488541,0,0.0471324054759584,0.440011237341497,0.717487163291137,0.221529777046065,0.865629497632353,1.32288887280344,0.474284612132444,0.444070621161072,0.0751338793381483,0.50913618945185,2.95141286990916,3.14593172605361,7.05555184917512,5.56896225987702
TraesCS4A02G464200,0.228034331781157,0.285788084710861,0,0,0,0,2.08351085242455,3.37782585047778,2.39606104938672,2.43602503040064,0,0,0.217933953557244,0.252493213654371,3.25188510279992,8.24424262247859,6.94356554526717,6.68110626730956,4.27989782194068,2.60285989943812,10.640114107368,8.54879169920504,7.28724356994085,13.779813568015,1.76556817080011,2.37749570543802,14.3785043630754,9.95159440815991,31.072659221467,38.915714634376
TraesCS4A02G472400,0.13411054514602,0.0840382137580779,6.89528212505637,7.01929306651171,12.109668764558,11.1001904182092,1.83801781547832,0.993276018302887,1.93759617317877,1.17217987643321,0.718732678252053,0.696378762032371,1.02536284213339,0.519733181952373,6.50244668703949,3.04990542485447,5.37384235767951,4.35025517826809,0.457649931750049,0.471009994012471,2.20857069383707,3.26974840685716,3.52943420766366,4.13074238772337,3.95374839037303,3.11221669897328,3.78808159466765,2.90021582849441,18.6152539697429,17.0027570756977
TraesCS5A02G483000,0,0,0,0,0,0,0,0,0,0,0,0,0,0,5.87691144054135,1.88069208906197,0.953950660261363,7.96829485436861,0,0,0.184422858712537,0,0,0,0.0800365794580927,0,0.460097705180602,0.104725398506985,0,0.144691535260402
TraesCS5A02G520400,0,0,0,0,0,0,0,0,0,0,0,0,0,0,0,0,0,0,0,0,0.0908771803784447,0,0,0.310801838819057,0,0,0,0,0,0
TraesCS5A02G520500,0,0,0,0,0,0,0,0,0,0,0,0,0,0,0,0,0,0,0,0,0,0.084857213550162,0,0.189900534131094,0,0,0,0,0,0
TraesCS6A02G008700,0.3147178695547,0.131475257054185,1.19860682594103,0.288986126852314,1.44619942375133,0.877066361081043,0.71888089344639,2.58991741162071,1.79122917911213,2.29230018815377,1.76697030928442,2.39681996834752,0.701815326402903,0.929265058848942,3.3909607365077,2.07987819803829,2.76321042304229,4.06155167350827,1.0739693240782,1.0132113266615,0.43190530044235,1.07258869543729,1.38042340786845,0.923203169749062,1.5932401041696,2.01109605301786,2.42441169004908,3.92415170413182,1.28013207814851,1.52485807073857
TraesCS6A02G038300,0.453869985432192,0.189606878974837,0,0,0,0,0,0,0,0,0,0,0,0,0,0,0,0,0,0,0,0,0,0.133139630678687,0,0,0,0,0,0
TraesCS6A02G106600,0,0,0,0,0,0,0,0,0,0,0,0,0,0,0,0,0,0,0,0,0,0,0,0,0,0,0,0,0,0
TraesCS6A02G320900,0.363396315879538,0,0,0,0,0,0,0,0,0,0,0,0,0,0,0,0,0,0,0,0,0,0,0,0,0,0,0,0,0
TraesCS7A02G020400,0.451074071764232,0.847974912540441,13.2065182795612,13.202423182352,6.06290154723182,5.3739674910632,3.960395291706,3.61923674430898,0.962739707664476,1.39632618237334,0.0863364716175464,0.35133523990011,1.02384953711741,1.24864029339687,5.38725626672784,1.70970057697181,3.7286862130847,4.12996173693631,1.10635931267655,1.18816381446472,4.70079476573594,3.72500515662292,2.43780992115578,2.28251083477692,6.29651221866155,4.15297963979813,5.83963502504463,3.82279960833401,15.9108818581221,12.9310260557259
TraesCS7A02G024800,3.21664142532729,3.04806601300549,0.672290007192996,0.864481356612495,0.432620227619326,0.262368137157672,5.64501221578778,6.19804235421002,4.32788527045477,5.37151428375517,3.24353790085462,2.77019471536477,1.34963384095807,1.21617564576855,5.40754941400122,21.8678218962066,18.6423476699136,6.64957553620108,7.29551197451047,4.20199790908376,18.2496957145125,18.4492916963039,24.8503681024947,41.4254450883115,5.8874907849373,5.14530608601995,9.13272035368963,10.5465956682141,37.6958892887293,48.5293342241457
TraesCS7A02G024900,0.812400417711467,0.203631056413804,0.696158291472037,0.895173002409388,0,0,0.417530489333415,0.267420466466162,3.94802157314661,2.84028200828046,0.746376242800209,1.01242758480091,0.155283315034624,0.629676739673067,1.27437657073483,0.663219079073384,0.182115152519531,0.85008088160946,0.554460494235636,0.855970085272664,1.25426640966108,1.725137109201,0.534505661256756,1.07240427373587,0.508042843867864,0.737720262674685,5.63245348997348,4.27344691984493,4.70888820832253,5.11707179507461
TraesCS7A02G087800,0,0,0.449477559727886,0.650218785417708,0,0,0,0,0,0,0,0,0,0,0,0,0,0,0,0,0,0,0,0,0,0,0,0,0,0
TraesCS7A02G281700,0,0,0,0,0,0,0,0,0,0,0,0,0.110033040842144,0,0.54728324872419,0,0,0,0.0982220372388077,0,0,0,0,0,0,0,0,0,0,0
TraesCS7A02G461400,0,0,0,0,0,0,0,0,0,0,0,0,0,0,0,0,0,0,0.0814107936801238,0.0837873990217667,0,0,0,0,0,0,0,0,0,0
TraesCS1B02G049500,0,0,0,0,0,0,0,0,0,0,0,0,0.39080983232839,0.996123015893826,0.505391425962576,0.667663585187799,0.412505058797033,0.342311050464926,0,0,0,0,0,0,0,0,0,0,0,0
TraesCS1B02G041700,0,0,0,0,0,0,0,0,0,0,0,0,0,0,0,0.133851648739695,0,0,0,0,0,0,0,0,0,0,0,0,0,0
TraesCS2B02G301500,0,0,0,0,0,0,0,0,0,0,0,0,0,0,0,0,0,0,0,0,0,0,0,0,0,0,0,0,0,0
TraesCS3B02G009500,0,0,0,0,0,0,0,0,0,0,0,0,0,0,0,0,0,0,0,0,0,0,0,0,0,0,0,0,0,0
TraesCS3B02G084400,0,0,0,0,0,0,0,0,0,0,0,0,0,0,0.139975393909618,0.228947324117762,0.440070931557474,0,0,0,0,0.0771980727382171,0,0,0,0,0,0,0,0
TraesCS3B02G011600,0.0625492804525002,0.0783909989383437,0.178664770324638,0,0,0,0.321469943951468,0.514738711079515,0.903696620634063,0.273352881206947,0.383105801163965,0.259833351300461,12.4937630303826,8.24173700720147,23.072663904528,9.19140063116735,21.8737306652616,10.4066165693521,8.16439920242076,7.90846165345313,8.04749518727116,12.396885042884,1.64613133033971,1.21099440842824,24.4194520977373,13.5056395949849,8.61967023868436,7.16545966959976,49.6124080742577,40.7112211608138
TraesCS4B02G086600,0,0,0,0,0,0,0,0,0,0,0,0,0,0,0,0,0,0,0,0,0,0,0,0,0,0,0.0829773148795849,0,0,0
TraesCS4B02G351700,0,0,0,0,0,0,0,0,0,0,0,0,0,0,0,0.102149942459241,0,0,0,0,0,0,0,0.847889226953744,0,0,0,0,0,0
TraesCS4B02G351800,0,0.0634352968367427,0,0,0.418664736405799,0.169269765908176,0,0,0,0,0,0,0,0,0,0,0,0,0,0,0,0,0,0.133630468026811,0,0,0,0,0,0
TraesCS6B02G015700,0,0,0,0,0,0,0,0,0.104462594024976,0,0,0,0.304044955723116,0.264194564613009,1.28542211843721,1.29858391731675,1.33718149641423,0.91545277851527,0,0,0,0,0,0,0.213160419440163,0,0.27230498988724,0,0,0
TraesCS6B02G654200_M,0,0,0,0,0,0,0,0,0,0,0,0,0,0,0,0.0837776506500247,0,0.0751673873077822,0,0,0,0,0.270074429232602,0,0,0,0,0,0.109573110351658,0
TraesCS7B02G007300,0.0433793587972316,0,0,0,0,0,0.222946769975821,0.428379704576127,0.0569758461091991,0.0631921615849656,0.0664231622081281,0,2.86059832009281,3.02602945037199,1.81459412704949,0.758862724193648,1.60451217314601,2.36035095974216,0,0,0.0446489780374349,0.0341171577385723,0.0407724923278681,0,0,0.0437685534112768,0.0371300544070181,0,0,0
TraesCS7B02G120500,0.250007290913332,0.417768115738184,0,0.459132738716803,1.60837565655136,0.975420236777385,0.285534254718653,0.68579755436694,0,0.242795983510065,0,0,0.238933659249026,0.369097312828089,0,0.19437940492244,0.233516394353572,0.261603039135658,1.06643198246384,2.56098282973587,0.600423738039072,0.917591052744241,0.939932782162325,1.10006872389294,0,0,0.142660542880986,0,0.127114784315391,0.134591670887142
TraesCS7B02G379400,0.0670962348653576,0,0,0,0,0,0,0,0,0,0,0,0,0,0,0,0,0,0,0,0,0,0,0,0,0,0,0,0,0
TraesCS7B02G611500_M,0,0,0,0,0,0,0,0,0,0,0,0,0,0,0,0,0,0,0.879022734763813,1.17608897895187,0.742362557913224,1.78279751845162,0.290532693923533,0.181349665802489,0,0,0,0,0,0
TraesCS2D02G548100,0,0,0,0,0,0,0.337216978242997,0,0.603249639450087,0.573485853523773,0.301404026363764,0.408841724806102,0,0,0,0,0,0,0,0,0,0,0,0,0,0,0,0,0,0
TraesCS2D02G555400,1.04814189876349,1.0399353036099,0.623728303558777,1.92488890537971,0.662261581047476,1.02234900363626,3.51644233455302,4.60027000445011,2.40916078673426,3.56268110356081,2.74175797819093,1.54205670040186,0.709549048261589,0.580282614283206,1.26634597917517,0.967723470788814,1.02795495235279,1.41664373399665,0.63338568586043,0.421802091059479,1.25862184769065,0.961737580530345,2.46288550077524,1.46045969429965,0.858348557114782,0.705030471490117,1.45786028333369,1.02102058504623,4.72968082968814,5.99534985665468
TraesCS2D02G667500_M,0,0,0,0,0,0,0.433564686312425,0.208267552224799,0,0.276502107948962,0,0,0,0,0.390979657297085,0.0737880344722856,0.106373712358759,1.19168020362027,0.431814854957707,0,0.130243332247448,0.497607392822955,0,0,0.565235290412567,0.191512633474688,0,0,0,0
TraesCS2D02G740900_M,0,0,0.951033354735797,0.713364541495659,0,0,0,0,0,0,0,0,0.583371537856582,1.49513004616208,7.07809222840545,2.24351412862316,1.25431887971435,11.3421232777785,0,0,0,0,0,0,0,0,0.12665988246355,0.086489281623148,0,0
TraesCS3D02G488300,0,0,0,0,0,0,0,0,0,0,0,0,0,0,0,0.0292523470755624,0.0140568443826448,0,0,0,1.16175029860364,0.118362151259281,0.0707257026084691,0.529761343901677,0,0,0,0,0,0
TraesCS4D02G164600,8.27444138690718,9.03201468205286,9.53023501488653,5.88225467439851,30.54099055247,23.6545756708375,14.4040408908315,16.2544853153138,12.0949406100194,13.220138047452,11.8525393793887,13.8598835019322,6.88756030622589,8.27531423609222,16.8749436609046,7.62661648159235,9.27437457156574,13.2666328595284,12.5242048454927,9.37441519067349,10.8518174712904,9.65660655194894,12.669296486015,12.8017880123052,9.89594441372612,8.07936650576083,7.99627076925867,12.1685059640655,15.0641058855999,16.5968047529192
TraesCS4D02G346500,0,0,0,0,0.0624657919417343,0,0,0,0,0,0,0,0,0,0,0,0,0,0,0,0,0,0,0.199379892476747,0,0,0,0,0,0
TraesCS5D02G032500,2.54189304874204,1.34133587464781,3.05710437700428,5.52804765190694,7.00834229882708,6.71099985421573,3.66708061114919,2.42209328701873,3.51432015465267,3.31308575306122,2.04851944836761,2.50085644576887,5.62575751813623,5.03653738807927,14.3086905406391,5.46085380576866,6.6728234081517,9.79922711760283,5.36428709587535,4.93355717845341,6.88497030394551,6.31312862806808,7.67039340441399,5.53348413887717,5.97593461727294,3.64457172400551,5.38200364756733,7.66293981718465,5.91788219988171,2.80888390862399
TraesCS5D02G482100,0,0,0,0,0,0,0,0,0.100531597455395,0.223000074053147,0,0,1.24356505670934,2.03402198595437,0.545757720504749,8.03389721668983,6.64878943588728,0.560638708261458,0,0,0,0,0,0,0.0683796839133252,0.154455717403976,0,0,0,0
TraesCS6D02G009900,0.875424042039775,0.804569891335307,0,0.643078586215459,2.81593931367521,1.85414252082733,0.599895028245247,0.480276927022119,0.689886068616594,1.02020756514219,0.80427790669438,0.484874989249319,0.167329735860902,0.452350133920291,2.60776687633318,0.476446437251442,0.719558062771114,1.40457572234473,0.846421360222626,0.563672826256423,0.72083663586048,1.05571030715382,1.04223329485073,0.770398819389427,0.677801808396962,1.1188191113229,1.89824937025805,2.04665258081131,0.801187870111143,0.942570787615586
TraesCS6D02G044200,0,0,0,0,0,0,0,0,0,0,0,0,0,0,0,0,0,0,0.0948419266455694,0,0,0,0,0,0,0,0,0,0,0
TraesCS7D02G104500,0,0,0,0,0,0,0,0,0,0,0,0,0,0,0,0.0535966643698275,0.0515103946038507,0,0,0,0,0,0,0,0,0,0,0,0,0
TraesCS7D02G016700,0.394740472505266,0.247357761250192,0.845647807789932,1.35924741605738,6.66616074004621,3.79526236140029,3.71938510773678,2.43633740338444,2.59232421111397,1.58133700311272,1.05775752648415,0.409943724064339,2.07490877016615,1.85759083360875,9.75727849153984,2.41690618573373,6.96848168508698,5.05985249279995,1.43123539976548,1.21307290910759,7.31328597676239,7.45096654611881,4.63773362866855,4.95021041935797,3.35017445084782,4.38110242447756,5.23703904854566,3.46073688866747,10.235880889023,11.1567183791983
TraesCS7D02G022700,0.313818675641687,0.196649420193902,0.224096669064332,0,0,0,2.15048084410963,3.35727294186376,1.44262842348492,1.60002553133133,0,0,0.37489828915502,0.0868696889834681,0.559401663517368,7.502767345142,6.06755655294359,0.82093525138285,3.34656512592223,2.96206409984593,8.47884092930889,7.34269468849552,14.1580732215994,23.405376474896,1.96249692831243,1.8998053240689,15.915108263415,14.8569434630494,67.7329312299072,72.223813336196
TraesCS7D02G022800,0.245353394954409,0.102497836288706,0,0,0.338236216679294,0.410255463909986,0.140109511436778,0.269212561922748,1.61127523099582,1.54879612116957,0.50091867970508,0,0.312647865862712,0.181113275617059,0.194381317677914,0.0953805121696856,0,0.0855777626162315,0.27908808198309,0.0718088579851478,0.168356235876076,0.257288587919776,0.461217947464611,0.215918179909293,0.146127842763398,0.0825182257910296,1.2600441992958,0.669213231561386,1.62173098619502,1.32086241421633
TraesCS7D02G104600,0,0,0,0,0,0,0,0,0,0,0,0,0.0803148591915881,0.0930509292860408,0,0,0,0,0,0,0,0,0,0,0,0,0,0,0,0
TraesCS7D02G082900,0,0,1.73694304049863,0.837559791873697,0,0,0,0,0,0,0,0,0,0,0,0,0,0,0,0,0,0,0,0,0,0,0,0,0,0
TraesCS7D02G280200,0,0.133905247213747,0,0,0,0,0,0.175852368999149,0,0,0,0,0.102112374478021,0,0.355521160990286,0,0.179634985072767,0,0,0,0,0,0,0,0,0,0,0,0,0
TraesCS7D02G449600,0.154590480611668,0.193743271126997,0,0.212926442515393,0,0,0,0,0,0,0,0,0,0,0,0,0,0,0.329710849844555,0.0678672035707625,0.477345020650747,0.121582890069057,0.0726502115229852,0,0,0,0,0,0,0
TraesCS7D02G449000,0,0,0,0,0,0,0,0,0,0,0,0,0,0,0.135261196705408,0.331854994414217,0,0.297748536770982,0,0,0,0,0,0,0,0,0,0,0,0
TraesCSU02G149300,7.82311513351784,6.27485329393648,16.0889916251315,7.75816602088137,7.76497844444943,6.80213688927298,17.1548329444643,22.1463764080866,11.919152216827,11.3961932431006,7.66648190135524,9.7493026684532,5.38315492120029,6.58328697139673,10.8586609708405,5.47418922409777,6.1379551404731,8.51340260693326,5.33924920375057,4.12133744760912,9.01833033316805,8.61385332989252,8.52946600185384,12.3922271631701,4.47292747193717,4.7359819332202,3.21412983789982,5.48689481066509,18.1379397653905,23.7533209252846
TraesCSU02G213700,0,0,0,0,0,0,0,0,0,0,0,0,0,0,0,0,0,0,0,0,0,0,0,0,0,0,0,0,0,0
