Geneid,WT_FLB_3DAA_rep1,WT_FLB_3DAA_rep2,WT_FLB_3DAA_rep3,WT_FLB_7DAA_rep1,WT_FLB_7DAA_rep2,WT_FLB_7DAA_rep3,WT_FLB_10DAA_rep1,WT_FLB_10DAA_rep2,WT_FLB_10DAA_rep3,WT_FLB_13DAA_rep1,WT_FLB_13DAA_rep2,WT_FLB_13DAA_rep3,WT_FLB_15DAA_rep1,WT_FLB_15DAA_rep2,WT_FLB_15DAA_rep3,WT_FLB_17DAA_rep1,WT_FLB_17DAA_rep2,WT_FLB_17DAA_rep3,WT_FLB_19DAA_rep1,WT_FLB_19DAA_rep2,WT_FLB_19DAA_rep3,WT_FLB_21DAA_rep1,WT_FLB_21DAA_rep2,WT_FLB_21DAA_rep3,WT_FLB_23DAA_rep1,WT_FLB_23DAA_rep2,WT_FLB_23DAA_rep3,WT_FLB_26DAA_rep1,WT_FLB_26DAA_rep2,WT_FLB_26DAA_rep3
TraesCS1A02G019700,0,0,0,0,0,0,0,0,0,0,0,0,0,0,0,0,0,0,0,0,0,0,0,0,0,0,0,0,0,0
TraesCS1A02G095600,16.0827251105529,14.5531059109465,16.0696073233528,16.5105677944037,16.2820023863624,11.9256039241004,11.2937458541706,21.053992787436,15.9818405648397,10.0162652257063,16.9237029531249,12.5781666823961,14.0310503173571,12.1744775775417,15.6312409491904,9.75597102121271,12.1055370959354,11.9423128130026,9.24476002733016,12.2049829447119,10.8617505944,8.8549391857857,9.65709465669408,9.12339353612912,9.2924506042095,11.0296904545245,8.72678556190313,9.91955138336547,9.80009465078117,8.46747578799746
TraesCS1A02G164700,20.931125560094,23.2898542209465,14.0585138204878,13.0067690269082,15.3334118936712,20.471929558538,21.9715374948114,18.8834780670817,13.1595018709016,16.2778651649151,17.9279424903223,17.6592546341291,13.7243225995761,18.826511717848,14.1003462170532,14.0089421880448,16.9142428170946,17.9625235005495,13.1305841939052,13.7508276181216,15.7319532712561,17.9361698332671,17.2593841464492,18.8111206930497,12.5035652125191,15.1819122037467,13.0860889400609,7.3567049497924,5.4997205597583,12.455301322551
TraesCS1A02G256700,0,0,0,0,0,0,0,0,0,0,0,0,0,0,0,0,0,0,0,0,0,0,0,0,0,0,0.135014319603675,1.44698308616631,0,0.210882028291956
TraesCS1A02G310300,0,0,0,0,0,0,0,0,0,0,0,0,0,0,0,0,0.043591092865141,0.0853347428520572,0,0.106315182445225,0,0,0,0,0,0,0,0,0,0
TraesCS2A02G219600,0.10826521230132,1.83405522133517,0.416330245233447,1.01289065158164,0.384668749579367,2.84590431449604,1.97424701441076,4.56372676028236,0.899810856814787,0.402065880929124,2.31082376129328,7.41411559085562,6.22939938527415,5.99767353071223,10.4254608376103,5.53858800750102,4.95880177795361,8.49401313244177,12.6334211230479,4.53529506616048,5.47155269908412,20.2755975413354,16.3002936200477,7.25125208796389,34.9225514881194,18.2596269752299,47.721025882057,45.8561306872283,27.9242394895114,27.5315325476796
TraesCS2A02G219700,0.879466200000158,0.0931156429320572,0.775031994795059,0.0685664300214721,0.146473280287375,0.120406320960581,0,0,0.4568372068348,0.204130293178983,0.293303382761363,0.242849879955132,0.558121493411123,0,0,0,0.10490006206725,0.30803150024367,0.221173562808945,0.127921422751408,0.168359210643465,0.274506500339528,0.871128175856123,0,0.398433818819666,0,0.291028665440643,0.445575548386608,0.69581530192752,0.11364112236276
TraesCS2A02G231600,3.92336241213162,6.43421311409017,3.21003375712028,3.07181426353021,3.2995792408209,2.65142097415536,3.95773284493353,3.87065048459826,4.33613588381499,4.65007670645605,3.56343185028402,2.95045692593956,2.96659452291673,2.77463403894342,2.84691553606424,2.13521052991126,2.90736804335079,3.35253819828807,3.44285298341289,3.0111776465266,3.19601119926244,3.02240067936504,2.77819518412588,5.08267049366525,1.71441225921457,1.51928761349782,1.87839142254182,2.03003723381932,0.924620305806472,1.46695178065042
TraesCS2A02G300300,0.116515593954142,0,0,0.218015655021617,0.0517478177894483,0.127615719649511,0.212469507616212,0,0.242095300511599,0.108176356766312,0,0,0,0,0.23374866833937,0.270938986370049,0,0,0,0,0.178439816568463,0,0,0,0,0,0,0,0.184369412233128,0.120445450840157
TraesCS2A02G505300,0.820786052602095,1.46769069081649,1.40280233573485,1.19450817194437,1.57964701972732,1.39841352195362,2.66084758899038,1.53772314941711,2.65288118710337,1.94743778480461,2.55484562531299,2.21609753509878,1.23468386369545,3.36813964962699,1.64662634653675,2.12067885862375,2.61068991961648,2.81090461543113,1.37610879233989,1.80405799547954,1.81567672147995,2.16338856947436,1.73440930545377,1.48076989833704,4.29692564556644,1.32787401885749,1.93145256723358,3.51158550717225,3.17478965970764,3.86525066402806
TraesCS2A02G516300,4.3541354870191,4.40961097435355,4.97457221215555,5.07720770325768,6.38992384013837,6.53137736864441,7.59467758620074,4.38901934292727,4.52349639831464,5.3607090858434,5.93471509888682,6.37753239706554,3.84444520793107,5.94286219543471,2.84839659650439,5.06243420016001,5.50960572359912,5.83489107157718,4.189583357163,7.9303201156868,5.3635649728115,4.01806071975186,5.10041970000309,5.5712447367392,6.86121661467093,4.59401350385947,4.63577594025176,8.24849567763447,4.79290590790757,4.69668780130208
TraesCS2A02G575700,0,0,0,0.0535871812610473,0,0,0,0,0,0,0,0,0,0,0,0,0,0,0,0,0,0.10726845182419,0,0,0,0,0,0.174116821230203,0.135951298240712,0
TraesCS2A02G584400,0,0,0,0,0,0,0,0,0,0,0,0,0,0,0,0,0,0,0,0,0,0,0,0,0,0,0,0,0,0
TraesCS2A02G584600,0,0,0,0,0,0,0,0,0,0,0,0,0,0,0,0,0,0,0,0,0,0,0,0,0,0,0,0,0,0
TraesCS2A02G707500_M,0,0,0,0,0,0,0,0,0,0,0,0,0,0,0,0,0,0,0,0,0,0,0,0,0,0,0,0,0,0
TraesCS3A02G007100,0,0,0,0,0,0,0,0,0,0,0,0,0,0,0,0,0,0,0,0,0,0,0,0,0.103087565499469,0,0,0,0,0
TraesCS3A02G019600,0.0936494086406418,0.158645776645492,0.120041887375644,0.116820055149083,0.207961542741345,0,0,0,0,0.0869467467509231,0,0,0,0.345865840271072,0,0,0,0,0,0,0,0,0,0,0,0,0,0,0,0
TraesCS3A02G196000,0,0,0,0,0,0,0,0,0,0,0,0,0,0,0,0,0,0,0,0,0,0,0,0,0,0,0,0,0,0
TraesCS3A02G298500,2.0541530608153,2.12655420332115,0.731405254383206,1.63708226560787,1.57119459557818,0.374974445093537,1.24860222449863,1.44315259015174,0.237116950843805,1.37737420595522,1.82683554015417,1.63863557613289,0.579375167950769,1.68586548190012,1.37365173260212,2.12294005466494,1.14339469784878,1.49222063662089,1.03318206206296,1.06234211247628,1.57293407232551,2.13719931433421,1.446882197949,2.54778697378574,1.10295058654725,0.415403087011208,0.604222499612485,0.46254339105175,0.361156228685152,1.76952989086567
TraesCS3A02G331900,0,0,0,0.0666115781320502,0.0474324259994516,0,0.194751095363114,0.450192290536763,0,0,0,0,0.18073642088842,0,0,0,0.101909326156566,0,0.107433915220453,0.124274340135545,0.163559233148285,0.400020342084222,0.169258403947526,0.216759171682802,0.516099116228277,0,0.565462681390729,9.95605692542537,2.5349151546522,1.43521528663274
TraesCS3A02G335900,0,0,0,0,0,0,0,0,0,0,0,0,0,0,0,0,0,0,0,0,0,0,0,0,0,0,0,0,0,0
TraesCS3A02G339800,0,0,0,0,0,0,0,0,0,0,0,0,0,0,0,0,0,0,0,0,0,0,0,0,0.148989107009933,0.149636283469332,0,0,0,0
TraesCS4A02G041500,0,0,0,0,0,0,0,0,0,0,0,0,0,0,0,0,0,0,0,0,0,0,0,0,0,0,0,0,0,0
TraesCS4A02G271100,19.7684411356154,17.9576098994515,20.0146320825165,21.3090502126626,20.8995385974859,32.8698320657862,19.9833056307604,23.5498772096559,30.2107624096353,24.5379346471056,22.5493098771707,23.4962482682879,21.4543289367315,26.981503409292,19.8293062489729,19.3200737240623,21.8363870358284,16.1891265502507,24.8574451021664,24.5866564373805,20.7316019006841,27.542764547929,22.5891197929911,21.078586085703,20.4211933766865,18.8586779723264,27.4940010967311,31.4981657557016,20.2871570170137,19.1024642654655
TraesCS4A02G284700,0,0,0,0,0,0,0,0,0,0,0,0,0,0,0,0,0,0,0,0,0,0,0,0,0,0,0,0,0,0
TraesCS4A02G415600,1.59318504864462,1.14704017138687,1.78690741441681,1.98736935926138,1.02598783447086,0.95972991502498,2.6146965243488,1.67894679325646,2.31721626284467,1.70103151538223,3.29424450606483,2.4636158475831,0,1.76518451175029,2.71675352856742,2.03758793258411,2.54640578629542,1.33922467251076,1.12185909769279,1.57579334746033,1.95192858357932,1.09401274842917,1.51495719769301,0.6467051948346,1.15484379596216,1.15986018765702,1.58162707733491,0.645741065870226,0.756296855284856,0.823460126424463
TraesCS5A02G015800,1.15705833069519,0.81670927488027,0.432583377930248,0.902085367946587,1.28470451114345,0.950466112756399,0.703309618518531,2.03223868604594,1.80309588682191,0.179040919950421,1.41489627340448,1.59751151727241,0.489523549240258,0.712207650493841,1.74093120164728,3.363200158995,0.0460034699477678,1.80114515157495,1.06694183629167,1.00978899156469,1.47666411909294,0.601918211008327,0,1.76127288342261,0.582438111380528,0.233987238629651,0.1276293664722,0.195405235666328,0.30514680068443,0.996736485073626
TraesCS5A02G060000,0,0,0,0,0,0,0,0,0,0,0,0,0,0,0,0,0,0,0,0,0,0,0,0,0,0,0,0,0,0
TraesCS5A02G220400,0.255208096785228,0.243187053831711,0.0408914242710305,0.795878595863457,0.595061344356756,0.593982299973944,0.698068861301552,0.268946043697287,0.265134814952452,0.533120354785307,0.808566926056102,0.951364533982201,0.431889629135965,0.824717353850544,0.639984644420759,1.5577982256567,1.17195725080051,0.446930950428062,0.609722350017378,1.03938539022456,1.27023923925551,1.03555049595829,0.50557705075235,0.841701199131918,1.73429410810476,1.16121833775967,1.22455717041434,1.2929944058994,0.353351809436367,0.857401340066314
TraesCS5A02G220500,0.562458910754605,0.428772369312142,0.288388918620165,0.456054269350774,0.54956804087803,0.616042850860629,0.820527888271619,0.71128354011608,0.701203955986298,0.5744229515076,0.75032378135086,0.869756270514981,0.951851345744945,0.830908925576148,1.12838133440101,0.784746703765501,1.31493251600703,1.10320140533966,0.509222240048298,0.719942151393342,1.11980362364548,0.912909286695963,1.33710326992331,0.456626303109565,1.15516892090471,1.50141811454026,2.01016252193715,3.07763246174467,1.33501725299438,0.872144424439422
TraesCS5A02G483100,0,0,0,0,0,0,0,0,0,0,0,0,0,0,0,0,0,0,0,0,0,0,0,0,0,0,0,0,0,0
TraesCS6A02G008800,0.499463512750089,0.78567432243482,0.457302428097691,0.133508634456095,0.221825645590769,0.547046051564238,0.520449117703713,0.3007713255348,0.593018202776983,0.397470842289934,0.475919655599688,0.236431704556317,0.362247426437791,0.527033661365443,0,0.829589372552101,0.476595948658874,0.333211853041366,0.574208697349699,0.415135474309927,0.655638868877266,0.35633558091693,0.113080733684942,0.434447311244244,0.172401680968636,0.432876391464854,0.283337193568283,0,0.225808632506478,0.0737584998954483
TraesCS6A02G009400,0,0,0,0,0,0,0,0,0,0,0,0,0,0,0,0,0,0,0,0,0,0,0,0,0,0,0,0,0,0
TraesCS6A02G039800,0,0,0,0,0,0,0,0,0,0,0,0,0,0,0,0,0,0,0,0,0,0,0,0,0,0,0,0,0,0
TraesCS6A02G271500,0.085818472981115,0.145379864050852,0.165006030756899,0.107051596929286,0,0.187988333870872,0,0,0.178313033481052,0.159352571364807,0.228964782762737,0.0947893431783632,0,0.316944641714613,0.172165399475619,0,0.163778676515077,0.080154053996205,0.0863286271788637,0.0998607670161337,0,0,0.136007755291168,0.174177043454164,0.414711947347235,0.312385024768451,0,0,0,0.177425944765683
TraesCS6A02G329600,0,0,0,0,0,0,0,0,0,0,0,0,0,0,0,0,0,0,0,0,0,0,0,0,0,0,0,0,0,0
TraesCS6A02G329700,0,0,0,0,0,0,0,0,0,0,0,0,0,0,0,0,0.101982014691628,0,0,0,0,0,0,0,0,0,0,0,0,0
TraesCS6A02G329800,0,0,0,0,0,0,0,0,0,0,0,0,0,0,0,0,0,0,0,0,0,0,0,0,0,0,0,0,0,0
TraesCS6A02G329900,0,0,0,0,0,0,0,0,0,0,0,0,0,0,0,0,0,0,0,0,0,0,0,0,0,0,0.0698366322175346,0,0,0
TraesCS6A02G330000,0,0,0,0,0,0,0,0,0,0,0,0,0,0,0,0,0,0,0,0,0,0,0,0,0,0,0,0,0,0
TraesCS6A02G330100,0,0.0789282470873097,0,0,0,0,0,0,0,0,0,0,0,0,0,0,0,0,0,0,0,0,0,0,0,0,0,0,0,0
TraesCS7A02G109400,0,0,0,0,0,0,0,0,0,0,0,0,0,0,0,0,0,0,0,0,0,0,0,0,0,0,0,0,0,0
TraesCS7A02G109600,0,0,0,0,0,0,0,0,0,0,0,0,0,0,0,0,0,0,0,0,0,0,0,0,0,0,0,0,0,0
TraesCS7A02G169100,0,1.91974721318915,0.322801713951311,1.46597716265516,0.85747728547692,1.93075077022672,0.612293079651427,3.18463756448611,1.04650271078291,1.24696734836058,2.01565971783397,4.26504251356494,5.11408131441587,4.96031681285123,3.536479852758,3.3183574902084,3.20400637753865,2.90090319118366,3.20881330871891,3.32108379447942,3.72814258773348,4.08737872228243,3.32590393191007,3.91854437592847,8.41725854140989,4.37969054893852,6.88898274558179,16.1611624321681,12.8843749136049,6.94197646074808
TraesCS7A02G209000,3.14944929664289,2.89371705174536,2.77118428996855,3.02974706621063,2.46560746078802,4.67727297383033,3.40693000990585,2.02514358838892,1.55279080527639,3.66743669943331,2.70597709418277,3.83243411375577,1.71638431479252,2.76002665552975,4.17649829422614,2.11017745636694,3.33634142898001,3.44014232317022,1.87942372885656,2.8572915438788,3.35176977854962,5.59828967525351,4.65294789476696,3.25022926117888,3.61140678338291,4.79294558130661,2.54367555323147,2.59630697164637,1.77380845983892,3.14531258905777
TraesCS7A02G300400,0,0,0,0,0,0,0,0,0,0,0,0,0,0,0,0,0,0,0,0,0,0,0,0,0,0,0,0,0,0
TraesCS7A02G409900,4.17419074056271,5.05959633489947,3.96680204200014,3.68078559931789,7.15979028996141,8.74958382184877,7.74299299753723,10.3146362359196,6.87866935497798,4.54361481580232,3.07221910243026,8.42614432184378,12.5446875341809,9.03703252197229,12.8498895706601,6.86144524272199,10.8504553152885,10.4860905913882,4.77817756079901,9.79815427838128,10.02982611611,11.2317591247231,7.87002800717971,7.01125343794745,25.5621512560125,22.1802370035882,17.4329944745903,44.6301053242051,37.3527824376711,19.5661957215447
TraesCS7A02G477400,0,0,0,0,0,0,0,0,0,0,0,0,0,0,0,0,0,0,0,0,0,0,0,0,0,0,0,0,0,0
TraesCS7A02G477500,0,0,0,0,0,0,0,0,0,0,0,0,0,0,0,0,0,0,0,0,0,0,0,0,0,0,0,0,0,0
TraesCS7A02G490000,0,0,0,0,0,0,0,0,0,0,0,0,0,0,0,0,0,0,0,0,0,0,0,0,0,0,0,0,0,0
TraesCS7A02G526900,0,0,0,0,0,0,0,0,0,0,0,0,0,0,0,0,0,0,0,0,0,0,0,0,0,0,0,0,0,0
TraesCS1B02G023900,0,0,0,0,0,0,0,0,0,0,0,0,0,0,0,0,0,0,0,0,0,0,0,0,0,0,0,0,0,0
TraesCS1B02G128000,0.664685283127496,1.68900446618775,1.03458153885219,0.592243625597379,0.843443519356534,0.93601035438748,1.03891934142376,1.60106409029931,1.38107851407187,0.617112524467895,0.380011892303933,0.734166889940402,1.12484942303243,0.350687797486511,1.71445316055759,0.22080325505189,0.362430379208269,0.886875654482724,0.573117045833825,0.22098466313076,0.290841069844161,0.474210849128994,0.451463005206044,0.578161821047472,1.03244352671332,0.576071243394292,0.502752941692771,1.92433292918551,1.05177024646554,0.490788497403173
TraesCS1B02G181600,14.2815348176979,17.1866258032617,10.4036302392225,9.19957934299029,11.8191476791331,13.590675343549,12.5233068947456,9.86905911911061,12.9722731857465,11.2306214553276,10.618957315568,13.8780484914047,9.11278682132567,12.9699690101652,12.9947215422957,9.7995244632717,12.5106436522955,12.318425692123,10.2841674896421,10.5340626606144,11.4736802053522,10.6204706343601,9.27615393509293,13.4633411557461,9.14537042013313,11.3630052759524,8.05740144209806,5.37730782899276,5.0630529319812,8.06733592606466
TraesCS1B02G267300,0,0.0859286535656019,0.130038605146263,0.126548468678763,0,0,0.369987524433919,0.427636955736682,0,0,0,0.336158821644053,0.343362489514493,0.37466847964368,1.62816946504769,0.471804382494086,0.0484017551109216,0.0947521856989668,0,0.118048002173439,0.15536466087139,1.26659566676634,0.321556588677561,0,2.69632960756635,0.861649689171747,2.81994363267012,4.72862148489228,0.963164783202988,2.09739810129237
TraesCS1B02G321500,0,0,0,0,0,0,0,0,0,0,0,0,0,0,0,0,0,0,0,0,0,0,0,0,0,0,0,0,0,0
TraesCS2B02G245100,0.252254299368732,1.70931476520396,0.377236009710216,1.15377832246008,0.784232080371404,1.74981060264655,0.306661938040908,1.06333296906242,0,0.39033331874713,0.785187310585344,1.85748813905075,1.13837575087072,0.931625158979318,2.69899696955718,1.36868280320044,1.12329011468422,2.90578686658969,1.94544613369742,3.03314471128802,2.96178052438945,9.2383298756241,5.33040495484577,1.19460820712502,21.8404486412288,5.91743484628722,25.3763277741291,32.2063356602775,20.4900425792916,16.2541879399229
TraesCS2B02G245300,0.527045563929043,0.133925383028203,0.912031223114283,0.591702002865563,0.280890722520847,0.230902308081986,0,0.444333298363052,1.09509165127653,0.146797180585449,0.0703082150375902,0.116427853105468,1.07030544568324,0.194648380032963,0.105733657222804,0,0.226311829296335,0.147677430472079,0.212071449953283,0.0613284907527856,0,0.131604769596474,0.250583405633182,0.106969088241636,0.318363990533008,0.127898757942482,0.488340572804991,1.06809615274525,1.83474478047825,0.544821842351183
TraesCS2B02G255800,2.43697345905016,3.00778238249818,3.16839182292591,4.51646309870061,3.0923649478267,4.6519250667405,4.57085888689599,2.34802893540178,2.89344383325201,4.52510949633057,4.82996527801914,3.0762489440413,3.41711094641596,6.42873309054037,3.6317939008342,3.72390025039651,4.68401687459814,2.79637828342336,4.06241980350798,3.32185542175509,3.94541047953559,5.2158786240164,3.42079728758817,4.38081164219335,3.28059890133163,4.73106539370509,3.31788906966577,3.38653980920603,2.75440362606648,2.80707302111395
TraesCS2B02G316600,0,0,0,0,0,0,0,0,0,0,0,0,0,0,0,0,0,0,0,0,0,0,0,0,0,0,0,0,0,0
TraesCS2B02G533700,0.929852284375167,0.450058940838277,0.766224813036024,0.331404411770448,0.294980911689852,0.436472913482105,0.484460614883775,0,0.552011624925384,0.493314875182542,0.708816508339961,0.440165407418676,0,0.49058984435613,0,0,0.380262724993783,0.248136486307401,0.400877082591213,1.08200203410566,0.203434046194187,0.331695354576929,0.631567927495689,0.269603827899797,0.802401440678494,0.161177379800743,0,0.269201893816909,0,0.411949068565004
TraesCS2B02G545100,23.8987787842645,17.845568999367,23.680875998553,16.6710676812962,24.8593693064996,18.5123139170479,24.6571643906848,31.4815736853056,28.4219374730732,19.1957980234987,17.1990272181042,25.5286698833631,29.1356403320636,18.0009923163118,21.764380206113,25.9583998840542,23.367204303343,39.3560610475721,22.3801304325109,29.0899758388425,18.059307773377,23.5562870910457,24.9181050092738,22.4973502727213,32.2913956483752,26.8992024161056,29.4486348614255,30.7483363544158,34.3333377231781,32.5063693138387
TraesCS2B02G611600,0.0847505960548794,0.143570838593206,0,0.105719506922247,0.0752801964674554,0.0928245562609002,0,0,0,0.0786848386886182,0,0.0936098377768225,0,0,0,0.197074398456947,0.0404351766396104,0.0791566619215916,0,0,0,0,0,0,0.204775752281751,0,0.224362031106107,0,0.134105805504413,0
TraesCS2B02G598400,0,0,0,0,0,0,0,0,0,0,0,0,0,0,0,0,0,0,0,0,0,0,0,0,0,0,0,0,0,0
TraesCS2B02G598500,0,0,0,0,0,0,0,0,0,0,0,0,0,0,0,0,0,0,0,0,0,0,0,0,0,0,0,0,0,0
TraesCS2B02G855500_M,0,0,0,0,0,0,0,0,0,0,0,0,0,0,0,0,0,0,0,0,0,0,0,0,0,0,0,0,0,0
TraesCS3B02G006900,0,0,0,0,0,0,0,0,0,0,0,0,0,0,0,0,0,0,0,0,0,0,0,0,0,0,0,0,0,0
TraesCS3B02G026700,0,0,0,0.0542718026244288,0.115936748566604,0,0,0,0,0.0807867565629947,0,0,0,0,0,0,0,0,0,0,0,0,0,0,0,0,0,0,0,0
TraesCS3B02G227600,0,0,0,0,0,0,0,0,0,0,0,0,0,0,0,0,0,0,0,0,0,0,0,0,0,0,0,0,0,0
TraesCS3B02G338000,5.57388165213448,4.9989041218711,3.29217721759607,4.83980972463014,6.89261305774379,4.54874178543568,6.17819795085917,1.84280024397689,3.17920043064247,5.0734790226651,6.41502205359755,3.98364141156158,4.069008291132,4.43999911653601,3.94661865406254,4.32039979578556,4.01508621955507,4.28727723388016,6.59648941156657,4.32394936042725,5.69081148040807,7.36842722027349,6.92836005071857,5.98909860139767,4.62127044171946,4.64134424108924,2.16997850654046,2.87934104371346,2.07526533156939,3.38934025777771
TraesCS3B02G362000,0,0.080225424346646,0,0,0,0,0,0,0,0,0.126350351044165,0,0,0,0,0,0,0,0,0,0.14505284709674,0.118252958268893,0,0,0.11442589444821,0,0.125370439631984,0.959733679600106,0.299745972353732,0.195819026271102
TraesCS3B02G366800,0,0,0,0,0,0,0,0,0,0,0,0,0,0,0,0,0,0,0,0,0,0,0,0,0,0,0,0,0,0
TraesCS3B02G371400,0,0,0,0,0,0,0,0,0,0,0,0,0,0,0,0,0,0,0,0,0,0,0,0,0,0,0,0,0,0
TraesCS4B02G262500,0,0,0,0,0,0,0,0,0,0,0,0,0,0,0,0,0,0,0,0,0,0,0,0,0,0,0,0,0,0
TraesCS4B02G043000,8.94787872032043,10.1910107534756,8.65079188375085,10.1212517416614,7.72348401652069,17.6073526718044,7.37478506867609,6.17981569671703,12.9197538611079,12.4846610719274,12.5434694654007,10.9999770777045,8.98285622239461,11.2021324784153,10.4459787823537,8.69893309680138,10.4195065698701,5.33543675618868,13.2727642972913,10.5884756605366,10.2194722476821,13.12815298115,10.8159203777602,8.82379491798363,7.63418374734599,9.93687910771547,10.1710787434768,6.96655265294609,7.75931485181674,5.85290120627849
TraesCS4B02G028400,0,0,0,0,0,0,0,0,0,0,0,0,0,0,0,0,0,0,0,0,0,0,0,0,0,0,0,0,0,0
TraesCS4B02G316400,0.156571634090937,0.26523849804889,0.133797993591801,0.39062087406172,0.347689099672051,0.228650387278679,0.571025677731346,0.439999849267209,0.325323465473267,0.290731023618552,0.278490080601698,0.230584734502852,0.176644513066147,0.385500065784545,0.628214811879687,0.364083110210954,0.398408316538244,0.146237176883358,0.472507156910019,0.242921489669341,0.95913732124156,0.260642535675915,0.413565901669068,0.211851701756162,0.378310898677258,0.189977099702444,0.138165123997073,0.740375532420173,0,0.161852507607567
TraesCS5B02G014100,0,0,0,0,0,0,0,0,0.25498325672229,0,0,0,0,0,0,0,0,0,0,0,0,0,0,0,0,0,0,0,0,0
TraesCS5B02G067300,0,0,0,0,0,0,0,0,0,0,0,0,0,0,0,0,0,0,0,0,0,0,0,0,0,0,0,0,0,0
TraesCS5B02G219500,31.9025458006582,19.0897940029466,22.2275362887868,32.9920375530927,26.9207359724511,12.96228624929,14.8252933768966,13.4479486897771,14.3265214853574,13.3764225770651,20.1808238576406,27.3942503836887,17.2415842391064,15.5829664297955,18.7875492177769,22.7339395362835,16.0065534954801,15.2828897981473,24.0173830141461,21.5551111660924,22.2223751230035,28.267005216968,22.670512474337,18.5893320676624,15.7896731848679,19.4794376159184,8.17318827600817,10.4278755571935,12.0503645231823,23.6169042934464
TraesCS5B02G219600,7.68405404230907,5.79419221769654,6.18602346451097,10.6957198710605,9.2392670396155,13.6504924686761,15.0373666278371,9.08521264748644,5.45176208931936,10.0921302044849,8.3754716126174,16.0430518726457,13.9552479478223,14.8815320892118,14.663453048021,15.4711413943112,15.3351229258906,18.6423592076802,10.6519483959571,11.9945334040767,16.3602194297704,26.9090190092053,19.4549780092105,8.36834095454828,25.4721057716325,19.3291897126895,32.8699495978215,22.7887231688911,21.0557017552945,17.8238176107575
TraesCS5B02G496200,0,0,0,0,0.0426041572837584,0.105066463168548,0,0,0,0.0890619685028662,0.127968153234231,0.105955309340219,0,0,0,0,0.0457678567854233,0,0.0964979404957081,0,0,0,0,0,0,0,0,0,0.151791974476186,0
TraesCS6B02G015400,1.60652181420647,1.46542902963259,1.34644921097629,1.46446584599263,1.61909852658004,1.96259820561191,2.02814192259797,0.78138529932752,2.18255152980807,2.35204395334456,2.14311036665921,1.50146319594527,1.46392774395478,1.82560113627617,1.85938631433668,1.86785895840597,1.56244857395384,1.26964021529989,2.23763801647615,1.22229578827748,1.23016777459446,1.46575151325624,1.07718142190605,1.75570459801797,1.04507410731503,1.34950330699971,1.22682083813071,1.50264611740441,0.293318429853776,0.894226761619043
TraesCS6B02G014700,0,0,0,0,0,0,0,0,0,0,0,0,0,0,0,0,0,0,0,0,0,0,0,0,0,0,0,0,0,0
TraesCS6B02G054800,0,0,0,0,0,0,0,0,0,0,0,0,0,0,0,0,0.0547811435240086,0,0,0,0,0,0,0,0,0,0,0,0,0
TraesCS6B02G298700,86.4147108988347,69.2743774251852,73.8210105464515,51.965091675201,69.2490169589971,81.9102653159116,74.4998264734419,45.7952562034604,59.1352846578222,121.889705325164,137.884263967513,87.9692535666012,53.2134718336239,80.1045418161645,74.5170703720658,70.5394527501156,127.118615614337,63.5254744388999,109.362788726145,81.5030590895635,113.945917791218,92.7500488955465,64.0810070361161,72.9032978506105,63.267499695779,67.0234551686506,74.7367853956473,33.4126490459993,13.3167715366343,27.0874654326276
TraesCS6B02G360400,0,0,0,0,0,0,0,0,0,0.0909247024846255,0,0,0,0,0,0,0,0,0,0,0,0,0,0,0,0,0,0,0,0
TraesCS6B02G360500,1.14256359125837,0,0.941504999024657,4.27576672441088,0.217476123128204,3.21791795037787,0.595284938549998,1.37607795996314,1.6957219850649,0.303082341615418,3.26611528352727,0.901428067480513,0.552447055569615,0,4.58432573505667,2.65685485327144,0.85662670510582,3.04899734809093,2.29871128840974,0.379862525512352,1.24985623151984,0.203786688432885,0.258681416926339,1.32511162471011,0.39438293032041,0.198048022238822,0.43210465250065,0,0,0.674914378128285
TraesCS6B02G360600,0,0,0,0,0,0,0,0,0,0,0,0,0,0,0,0,0,0,0,0,0,0,0,0,0,0,0,0,0,0
TraesCS6B02G360700,0,0,0,0,0,0,0,0,0,0,0,0,0,0,0,0,0,0,0,0,0,0,0,0,0,0,0,0,0,0
TraesCS6B02G360800,0,0,0,0.0599077205892733,0.0426587779982247,0.105201163762354,0,0,0,0,0,0.106091149480399,0,0,0,0,0,0,0,0,0,0,0.304448129151768,0,0,0,0,0.194653677067611,0,0
TraesCS6B02G360900,0,0,0,0,0,0,0,0,0,0,0,0,0,0,0,0,0,0,0,0,0,0,0,0,0,0.0458070255518364,0,0,0,0
TraesCS7B02G007400,0,0,0,0,0,0,0,0,0,0,0,0,0,0,0,0,0,0,0,0,0,0,0,0,0,0,0,0,0,0
TraesCS7B02G007600,0,0,0,0,0,0,0,0,0,0,0,0,0,0,0,0,0,0,0,0,0,0,0,0,0,0,0,0,0,0
TraesCS7B02G073900,1.07411508118299,5.91367769574596,2.52417827695499,5.97359421789815,4.45241439178603,8.33313877830829,8.16116448012095,10.9420392622875,5.57947233795549,7.06377392958515,6.68675645143648,14.03901519289,8.17978059698237,12.2313367646639,12.031214313893,14.1535677897778,10.6764325416415,9.02896634047574,11.0751274287207,9.68649440056497,11.3777235011258,13.0752168804196,13.9020400193316,9.62843204728879,17.5182353242324,12.9242306125528,19.7862114266023,22.4933137944795,20.9621633760494,17.0252594740748
TraesCS7B02G116100,2.05844215985651,1.77643793444408,1.34417043406631,1.45343770014411,1.43168962550807,2.72246868585624,1.55810972251889,1.30973516562588,0.645587468030931,2.01929199297115,1.70975801622905,1.50144550586568,1.05162549924916,1.29094559354677,1.86998934671496,1.53532092276361,1.90860741492473,1.99512540312482,1.28929052379258,1.4010015229433,1.66543828797232,2.23056098474439,2.03123246354757,1.49770586820851,1.36071311184421,1.69649845488559,1.90213408849625,2.12514589893411,1.41349882712065,1.68623631176219
TraesCS7B02G201300,0,0,0,0,0,0,0,0,0,0,0,0,0,0,0,0,0,0,0,0,0,0,0,0,0,0,0,0,0,0
TraesCS7B02G309300,1.51824450485218,1.92897436918915,1.14147390957354,1.96672890975853,2.74904736156915,3.13389593062911,3.40746109798222,1.96919651947959,2.72994057689132,2.65651790540622,1.94744987677191,3.16040820977462,3.01402281934795,3.66623182204721,3.51442853645086,2.64783201917448,4.7223117672065,2.91787620336692,1.64475211438827,2.65000743148738,4.33728363179719,6.01472519425741,3.6555131953102,2.72587751793933,8.04227638813163,7.61666760508112,6.183508511233,10.2955561385878,7.99262238791929,6.09671778169314
TraesCS7B02G379000,0,0,0,0,0,0,0,0,0,0,0,0,0,0,0,0,0,0,0,0,0,0,0,0,0,0,0,0,0,0
TraesCS7B02G379300,0,0,0,0,0,0,0,0,0,0,0,0,0,0,0,0,0,0,0,0,0,0,0,0,0,0,0,0,0,0
TraesCS7B02G393200,0,0,0,0,0,0,0,0,0,0,0,0,0,0,0,0,0,0,0,0,0,0,0,0,0,0,0,0,0,0
TraesCS7B02G388500,0,0,0,0,0,0,0,0,0,0,0,0,0,0,0,0,0.066193881758177,0,0,0,0,0,0,0,0,0,0,0,0,0
TraesCS1D02G019300,0,0,0,0,0,0,0,0,0,0,0,0,0,0,0,0,0,0,0,0,0,0,0,0,0,0,0,0,0,0
TraesCS1D02G104500,7.14402919165763,8.09437275268643,7.73025157093929,7.75424762351808,9.60099853052305,6.50358154181633,8.62849853035103,7.82191682505361,7.51829579062461,6.11588261975533,7.17857759158415,6.25116643006486,5.96642820015185,7.19572274495852,8.37587333547948,5.60935972029037,5.88736171872727,8.05898141163825,5.69319923610654,4.96620270196148,6.67817919073129,4.63346575805296,3.82303904594294,5.27254941200444,7.17361793256493,7.42992790799117,3.07021726776778,6.76888576106319,7.48733886732007,4.69953538033537
TraesCS1D02G161800,27.3744425257261,36.3490598138299,18.7977680780541,16.6885793070119,23.8584451232928,29.7569006070657,28.7122770463947,19.0874110435546,17.9616090264182,25.0330193942218,22.7892296623697,22.2791413908837,18.6348435715594,25.0847752284514,21.2650282355057,23.9304626697722,20.0818416553722,25.0870077818644,18.9447460844342,19.0403481967149,20.8039256470671,26.0827366320205,21.6919292020635,24.0199234582154,15.665345049554,18.4804920971534,18.5258934256185,7.92518542346703,7.81645266368579,15.6382204105253
TraesCS1D02G256100,0,0,0,0,0,0,0,0,0,0,0,0.215357440714928,0.164979309373099,0,0,0,0,0,0,0,0.149299677363073,0.852006024638723,0.154501978359388,0,2.47329672437113,0.709725768699695,2.32273821663004,7.30996111928596,0.617043758313084,3.32561095820076
TraesCS1D02G309800,0,0,0,0,0,0,0,0,0,0,0,0,0,0,0,0,0,0,0,0,0,0,0,0,0,0.113488192518875,0,0,0,0
TraesCS2D02G225400,0.286681863185638,0.97130067333975,1.16367135721287,3.33771586140237,0.721499229918954,1.77929519322552,2.09109020505956,2.81973117688875,1.1913312109359,0.709769361232025,2.67704806274825,3.79979525179796,4.85152803264898,4.23509192168659,5.94300026276616,3.9998059033762,5.33434878760411,5.44444367022947,6.72900817206679,5.5598501023651,6.14661439572437,15.032907319933,12.1157928948153,4.46084292795429,25.167566819975,12.174648509949,30.6105360908592,35.6335404754382,19.0526033677341,17.3859321182128
TraesCS2D02G225500,0.52245137316955,0.177010629451038,1.5402864209985,0.260686315534913,0.0928140776530412,0.457779122647898,0,0,2.82241927053899,0.291035135567943,0,0.23082593192388,2.29878073959825,0.771806617062364,0.419247960229331,0,0.0498531327049032,0.195186859522139,0.525557123620279,0.97270236658393,0.32004686765278,0.652287935778898,0.165599400793849,0,0.252471080916413,0.253567760690709,0.138309648185354,1.90581424409293,2.48011573359626,0.324043618787534
TraesCS2D02G271000_M,0,0,0,0,0,0.565422275518593,0,0,0.268160686010264,0,0,0,0,0,0,0,0.12315140792219,0.1205417556222,0.129827547850384,0.300356415521394,0,0,0.409077589557931,0,0,0,0,0,0,0
TraesCS2D02G298200,0.135723780638611,0,0,0,0.120557416081939,0,0,0,0,0,0.181056390717273,0,0,0,0,0,0,0,0.13653060059266,0,0,0,0,0,0,0.329362471766736,0.538956618200539,0,0.214763645046922,0.140301494366342
TraesCS2D02G506100,0,0,0.0731126835938447,0.0355751976091612,0,0,0,0,0.118513344673741,0,0,0,0,0,0,0,0,0.0532733073001043,0,0,0,0.0712128587671824,0.180791428045968,0,0,0.0692074931158122,0,0,0,0.11792375316364
TraesCS2D02G518100,1.21138538540134,0.868210717960406,1.19444664055367,0.92991088675887,1.20017606756199,1.73503411876717,1.5293047768346,0.392798372899925,0.774464070790836,0.865141758715653,0.870151609118833,0.926318245463184,0.630779100762322,1.72072557348792,0.93470394118293,2.38352170472059,1.20038158710724,1.13142830696882,0.937374272725722,1.40960179709714,1.14165972192559,1.39609089538349,1.03376043853772,0.945625366514212,1.68863586769653,0.678388374683726,1.97349289052536,1.13305871725923,1.3270470007377,0.963263991171899
TraesCS2D02G586500,0,0,0,0,0,0,0,0,0,0,0,0,0,0,0,0,0,0,0,0,0,0,0,0,0,0,0,0,0,0
TraesCS2D02G601700,0,0,0,0,0,0,0,0,0,0,0,0,0,0,0,0,0,0,0,0,0,0,0,0,0,0,0,0,0,0
TraesCS2D02G601600,0,0,0,0,0,0,0,0,0,0,0,0,0,0,0,0,0,0,0,0,0,0,0,0,0,0,0,0,0,0
TraesCS2D02G548200,0,0,0,0,0,0,0,0,0,0,0,0,0,0,0,0,0,0,0,0,0,0,0,0,0,0,0,0,0,0
TraesCS3D02G003600,0,0,0,0,0,0,0,0,0,0,0,0,0,0,0,0,0,0,0,0,0,0,0,0,0,0,0,0,0,0
TraesCS3D02G027300,7.95690432979989,10.3936836394744,8.72473346504999,19.6120169360969,11.9215318167783,1.04999242142848,0.874074813801821,4.44518081884445,4.18299787947296,4.80626930216235,6.52220027059841,3.81195070685809,1.29787945492746,6.72701314410786,5.38504289799363,3.78967889956622,1.55511154072953,1.79077387431061,2.98952224867766,4.57366146360649,3.67040313670894,1.19690454242731,1.06352321507911,5.44796372385616,0.579084341065477,0.697919709847365,0.253788912985027,0,0.303389717379146,0.792797695613264
TraesCS3D02G199100,0,0,0,0,0,0,0,0,0,0,0,0,0,0,0,0,0,0,0,0,0,0,0,0,0,0,0,0,0,0
TraesCS3D02G303400,3.53501572950977,3.38057971542906,2.2656307510776,3.48504274112942,2.48161110364102,2.74771989370165,2.70324598807294,3.8454781346915,1.42161897925989,4.12897792789772,3.80301094657285,3.14882407133604,1.73680272949626,4.21145619812568,3.66028356145425,5.03814550454016,2.77470244082221,3.08867608070308,4.47371502215947,3.71536771528519,3.66738636700754,6.12197544840159,5.2409563785487,3.24017020562678,2.61751410603067,2.76724633813148,2.71693199312053,1.61766982768517,0.541322064227859,3.65424531445486
TraesCS3D02G325400,0,0,0,0,0.0408268059369513,0,0,0,0,0,0,0,0,0,0,0,0,0.0858582688818245,0,0,0,0,0,0,0,0,0.121678549385152,2.79441475054117,0.72729774273559,0.19005257641772
TraesCS3D02G328900,0,0,0,0,0,0,0,0,0,0,0,0,0,0,0,0,0,0,0,0,0,0,0,0,0,0,0,0,0,0
TraesCS3D02G333300,0,0,0,0,0,0,0,0,0,0,0,0,0,0,0,0,0,0,0,0,0,0,0,0,0,0,0,0,0,0
TraesCS4D02G262600,0,0,0,0,0,0,0,0,0,0,0,0,0,0,0,0,0,0,0,0,0,0,0,0,0,0,0,0,0,0
TraesCS4D02G040300,21.5067277492508,17.6168966387198,23.597129426234,23.6814193308714,23.2307660739771,43.7184470033322,23.0789825821655,24.9961757251898,38.0663043040689,32.1286974408609,27.2733165896525,27.0786222761193,26.9599384117907,26.1493370080905,25.0352693652125,29.0184776388278,25.2514214971654,17.3592944112513,31.4280055630044,29.3512795480793,31.9880511336457,36.9069368657907,27.9128402876181,25.3277906791535,25.3409086290875,29.4243444357799,33.7393846564477,35.8723846692822,27.1690599182337,25.2512856109875
TraesCS4D02G015400_M,0,0,0,0,0,0,0,0,0,0,0,0,0,0,0,0,0,0,0,0,0,0,0,0,0,0,0,0,0,0
TraesCS4D02G313000,1.16283079465098,1.12564630879285,1.06467305876402,1.60595197765923,1.4386696526674,2.91110980876757,1.06022755408046,0.350121831276651,1.38064104859386,1.54229262529354,1.77282709846447,1.83483584467209,1.26505475973286,2.14728237862306,2.16619192754856,2.51084144907676,2.13992637701601,0.387885194782078,1.42040261193073,0.289950497577887,1.39922929333563,1.03700764956424,0.921445002865107,0.842885581682291,0.802757272802963,1.31014694977722,2.30878977020719,1.68325796133855,0.920007455056883,0.944468596222204
TraesCS5D02G021800,7.59609267142409,10.1699336786644,4.94694286486709,8.17644866783443,6.52961834936032,5.50177140984475,5.58535950111302,7.7467675832757,14.2557114976642,5.34619407658987,8.66228252955769,5.41299078297374,2.07337038844197,5.42978261096041,7.865269991416,11.6807268972585,4.09178860254962,6.06483716165234,4.19036191647266,1.56821413843979,4.69079321559778,2.29447481579789,0.58250909420698,5.22189327497169,2.22021788655439,3.27046431491026,1.45954564143924,2.73119958992658,0.387733547231075,1.01319934443461
TraesCS5D02G071500,0,0,0,0,0,0,0,0,0,0,0,0,0,0,0,0,0,0,0,0,0,0,0,0,0,0,0,0,0,0
TraesCS5D02G228400,18.4433327726215,8.20809859695733,20.0348073505942,83.1875775192357,36.9760829263611,73.1550456994458,22.0412734827233,14.4947516408634,4.54661035161074,10.5448627492079,31.2756658234844,66.0627669615635,24.8635750969471,35.7891773521109,22.7854560749673,34.1643133814572,33.7064033230929,24.1358460450547,31.6553508222513,51.8948211835553,47.2351785922704,148.438053796081,103.211726676973,39.9703611109968,65.2081184136588,45.6416679234361,124.684128018087,105.584052929581,99.9179644394105,84.3401261321875
TraesCS5D02G228500,1.41072411133179,1.79236654179171,0.904148714597989,3.39383078846025,3.08795619618622,4.63535995272993,5.5124906548981,2.12380559389065,1.04685459468028,3.92926790965839,3.763829959551,5.78756828907192,5.79790769954231,5.58223279522913,7.27749048381943,7.96673587091056,9.32679361531489,6.58804874204181,4.76415588671951,6.68348571283097,5.55551428907435,8.17750618614003,6.22818566832332,5.52189252354822,12.0518861712776,6.72457608798798,18.2730577425678,15.7241423600279,10.6830109595365,6.3540442747861
TraesCS5D02G496600,0,0,0,0,0,0,0,0,0,0,0,0,0,0,0,0,0,0,0,0,0,0,0,0,0,0,0,0,0,0
TraesCS6D02G009800,0.0517042973861376,0.218972776598333,0.231964999759698,0.161242312145042,0.183706538791527,0.113260052083693,0.0942842604535712,0.217950235894782,0.10743083383641,0.14401117474273,0.206921589391169,0.228436429523012,0.262498135099848,0.57286267539722,0.726088858658044,0.120230343848131,0.17267969154307,0,0.104023314737264,0.120329122988385,0.395917191351006,0.129107094535119,0.245827681923788,0.104938964068658,0.0624643771625494,0.188207126723849,0.136877871289026,0,0,0.053448188330035
TraesCS6D02G012400,0,0,0,0,0,0.118836940962543,0,0,0,0,0,0,0.183615639758475,0,0,0.252300895345317,0.0517663955820646,0,0,0.126254090666307,0,0,0,0,0.524320825538213,0,0.143617694060679,0,0,0
TraesCS6D02G045700,0,0.248856120228223,0.0627669999349771,0,0,0.107263931679262,0.357170963129999,0,0.203486638207788,0.0909247024846255,0.130644611341091,0.108171368097662,0,0,0,0.227730415994694,0.046725093005772,0.091469920442728,0.0985161980747033,0.113958757653706,0,0.122272013059731,0.310417700311607,0.397533487413033,0.236629758192246,0.237657626686586,0.25926279150039,0.595411247500929,0,0.101237156719243
TraesCS6D02G251700,91.5011292250164,88.8633619048266,86.3573528745888,89.3649137946519,77.1914187114464,101.061038726247,95.7561463625448,50.5110465259836,62.2059996640053,132.684690566339,152.762178521543,109.768145739719,75.2843881112337,124.508319119349,104.758161449086,97.5665270873821,155.426925296309,81.3203160643288,129.681432326978,103.616352428641,136.876038253137,129.841574660597,83.4540792470165,97.577992332285,98.501694097084,109.645080989968,120.582877047573,50.9441376988689,18.1491824586095,35.8348339183902
TraesCS6D02G308500,0,0,0,0,0,0,0,0,0,0,0,0,0,0,0,0,0,0,0,0,0,0,0,0,0,0,0,0,0,0
TraesCS6D02G308600,0,0,0,0.541948709454509,0,0.317230313407097,0,0,0,0,0.128792690304039,0.213276022151317,0,0,0,0,0.0460627527698654,0.450866553728653,0.0971197055762217,0,0.295713407354437,0,0,0,0.11663773519141,0,0.127793837305282,0,0.152770015548842,0
TraesCS6D02G308700,0,0,0,0,0,0,0,0,0,0,0,0,0,0,0,0,0,0,0,0,0,0,0,0,0,0,0,0,0,0
TraesCS6D02G308800,0,0,0,0,0,0,0,0,0,0,0,0,0,0,0,0,0,0,0,0,0,0,0,0,0,0,0,0,0,0
TraesCS6D02G308900,0,0,0,0,0,0,0,0,0,0,0,0,0,0,0,0,0,0,0,0,0,0,0,0,0,0,0,0,0,0
TraesCS6D02G309000,0,0,0,0,0,0,0,0,0,0,0,0,0,0,0,0,0,0,0,0,0,0,0,0,0,0,0,0,0,0
TraesCS7D02G104700,0,0,0,0,0,0,0,0,0,0,0,0,0,0,0,0,0,0,0,0,0,0,0,0,0,0,0,0,0,0
TraesCS7D02G104900,0,0,0,0,0,0,0,0,0,0,0,0,0,0,0,0,0,0,0,0,0,0,0,0,0,0,0,0,0,0
TraesCS7D02G170200,1.96758353507611,5.19204359930703,4.89867904037981,6.18320291900197,5.34398146195942,8.20569077346357,3.44994680296022,9.5699967215618,4.40271089940488,4.98845981358832,8.78288091697606,8.94380538952938,9.22084358205285,8.66411397850766,11.9936677834697,10.2064631895804,8.08768882572635,7.49221802899072,8.90675990775386,9.5103763205547,10.430618368502,12.6607111704576,10.0744653646585,7.21884673734122,23.313409130986,12.5796502852968,23.6400527158992,33.5866071885751,26.2245934570024,18.2272898984055
TraesCS7D02G211200,8.22337885029794,7.00036521325946,6.83305172485738,5.12899966346774,5.46917063315353,10.3193463670695,7.23404179047632,5.225756621261,3.6920534825401,7.98010957493304,8.32400015392505,7.39419616566089,4.89523549240258,9.92003513187851,5.22279360494184,7.39904034978901,7.59057254138169,7.17884996127732,5.73654441850327,4.90468938759991,10.6952672625732,10.3185979029999,7.33496650929356,6.29026029793789,6.5399479363585,7.97227948759595,10.3379786842482,6.1133923729894,3.5963730080665,4.7843351283534
TraesCS7D02G296100,0,0,0,0,0,0,0,0,0,0,0,0,0,0,0,0,0,0,0,0,0,0,0,0,0,0,0,0,0,0
TraesCS7D02G403100,7.35506672716249,12.390550976621,6.9137841870019,7.1105089471708,11.1064053805468,14.6346380306659,15.4239999635809,8.95670268568315,8.74487573361478,8.45993979839906,8.72151645931253,10.425690380899,10.9257063986964,11.7709454229151,11.066568396618,10.1668247620647,19.3003813405625,13.7010316884585,9.53621752620581,10.9359385924022,12.3904482173969,12.9580991860574,13.0812236785254,10.4494826429622,17.820795519815,16.5099787592785,20.1743499429176,17.5554578892284,14.3539657041887,14.4882049290132
TraesCS7D02G464900,0,0.0458182748434635,0,0,0,0,0,0,0,0,0,0,0,0,0,0,0,0,0,0,0,0,0,0,0,0,0,0,0,0
TraesCS7D02G465000,0,0,0,0,0,0,0,0,0,0,0,0,0,0,0,0,0,0,0,0,0,0,0,0,0,0,0,0,0,0
TraesCS7D02G476400,0,0,0,0,0,0,0,0,0,0,0,0,0,0,0,0,0,0,0,0,0,0,0,0,0,0,0,0,0,0
TraesCS7D02G472200,0,0,0.151591965115257,0.14752335299016,0.0525238308423288,0,0.107827855877841,0,0,0,0,0,0,0,0,0,0,0.0552284839295083,0,0,0.090557854817302,0,0,0,0,0,0,0,0,0
TraesCS1A02G019800,0,0,0,0,0,0,0,0,0,0,0,0,0,0,0,0,0,0,0,0,0,0,0,0,0,0,0,0,0,0
TraesCS1A02G020200,0,0,0,0,0,0,0,0,0,0,0,0,0,0,0,0,0,0,0,0,0,0,0,0,0,0,0,0,0,0
TraesCS2A02G705800_M,1.28882723056104,1.24449465250894,1.86681345583317,1.36655147946631,1.19060040296439,1.10105604735964,1.45713218486632,0.543282112182246,2.41012472743957,0.981198449485731,1.30667085900069,2.04991534657464,2.05022197312976,1.42796837545256,1.13765995607388,1.8581203562065,1.82013247208447,1.20375862960067,2.41146909066739,1.64968681516589,2.17117636777694,1.70566618596483,1.4706525832757,1.46484901090438,1.65046508616973,1.28232091192582,1.80832786536785,3.13428250017692,2.24332505199538,2.5047183690627
TraesCS3A02G070300,0,0,0,0,0,0,0,0,0,0,0,0,0,0,0,0,0,0,0,0,0,0,0,0,0,0,0,0,0,0
TraesCS3A02G301300,0,0,0,0,0,0,0,0,0,0,0,0,0,0,0,0,0,0,0,0,0,0,0,0,0,0,0,0,0,0
TraesCS3A02G514400,0,0,0,0,0,0,0,0,0,0,0,0,0,0,0,0,0,0,0,0,0,0,0,0,0,0,0,0,0,0
TraesCS4A02G386700,0,0,0,0.131535600449355,0.0468315930170518,0,0,0.444489643647487,0,0,0.140665908059021,0.116468819978481,0,0,0,0.245198829325744,0.050309213440416,0,0.106073035224698,0,0,0.131651076693447,0,0,0,0,0,0.213694395654802,0,0
TraesCS4A02G464100,0,0,0,0,0,0,0,0,0,0,0,0,0,0,0,0,0.218956791114337,0,0,0,0,0.143243629388505,0,0,0.138607783320879,0,0,0.232511283480455,0,0.23720191390573
TraesCS4A02G464200,0,0,0.132918352803481,0,0.0921075345013572,0,0,0,0,0,0,0,0,0,0,0,0.0494736278884645,0,0,0,0,0.258928968832371,0,0,0,0,0,0,0,0
TraesCS4A02G472400,3.01873551662142,1.394688146334,1.64159845983786,2.45336379556072,0.934430375199208,0.701341091749023,2.66896983437801,0.385604263506153,1.52055949429996,1.69859334311938,2.68467498030593,1.41454865973865,1.08364614746348,1.68921045309437,2.0186866070383,2.5525826847757,1.35297384692538,1.53790086019092,1.56435061777963,0.958004940715217,1.6811253048135,0.342630366266279,1.4497529959608,0.928306220607358,1.10513898056818,0.443975786117799,1.08975843680109,1.29769118045074,0.578996493606355,0.378248717412555
TraesCS5A02G483000,0,0,0,0,0,0,0,0,0,0,0,0,0,0,0,0,0,0,0,0,0,0,0,0,0,0,0,0,0,0
TraesCS5A02G520400,0,0,0,0,0,0,0,0,0,0,0,0,0,0,0,0,0,0,0,0,0,0,0,0,0,0,0,0,0,0
TraesCS5A02G520500,0,0,0,0,0,0,0,0,0,0,0,0,0,0,0,0,0,0,0,0,0,0,0,0,0,0,0,0,0,0
TraesCS6A02G008700,3.57781885924133,4.48511460239406,2.93512160154392,3.03486676223024,3.30513855894555,4.38890815008558,4.69746338328566,4.22286388286681,2.37886958134033,3.58748754502376,2.10004661783244,3.16145545729555,2.1797123080784,2.64271893234821,4.59370830921766,4.99179851678915,4.50649464347933,4.67833260717105,2.01548898066872,2.33141985572337,4.60262243194643,3.21620939796083,3.62895191195231,3.77599859820689,3.45791337186377,3.12564041974622,3.40978857589338,2.03019880953039,0.905822594581862,3.99437148430938
TraesCS6A02G038300,0,0,0,0,0,0,0,0,0,0,0,0,0,0,0,0,0,0,0,0,0,0,0,0,0,0,0,0,0,0
TraesCS6A02G106600,0,0,0,0,0,0,0,0,0,0,0,0,0,0,0,0,0,0,0,0,0,0,0,0,0,0,0,0,0,0
TraesCS6A02G320900,0,0,0,0,0,0,0,0,0,0,0,0,0,0,0,0,0,0,0,0,0,0,0,0,0,0,0,0,0,0
TraesCS7A02G020400,1.61530807511579,1.17274085405292,1.77474658953724,1.9669906616478,0.854051510231398,0.589731369756109,2.10397166422831,0.972720405990368,0.639290670344797,1.49969747989272,2.66788636506601,1.01952069726543,1.17153941815097,0.852236156725434,1.69743771166773,1.07318543061155,1.35785806727759,1.0776358696923,1.31540365088451,0.626539165539623,1.29579550573792,1.15241999988535,0.731425690159278,0.624462254355176,1.20805079323505,0.839975749351718,1.01815213294558,0.467648464412947,0.486856394521155,0.47708269952908
TraesCS7A02G024800,3.53192055444706,2.17571350828104,2.26364701908357,2.6701726891219,3.37491875077384,3.28227630938543,3.90336838277785,1.8046279532088,2.00143643437232,4.17344384404431,3.71217331367757,2.83718045467581,2.89797941150232,5.13857819831307,3.22072272304747,1.74213768235941,3.2170226534474,3.29879734510953,1.83029022280217,2.73989413044552,3.27819434438633,3.87514944247161,2.20507430685638,3.04113117870971,2.71532647525602,3.37643585342586,2.12502895176213,2.38589792748586,1.86292121817845,2.87658149592248
TraesCS7A02G024900,0.886621620266431,0.844859165567711,2.05989037508501,2.07372878962869,1.67353667531497,1.5780174564353,1.61677980351745,3.73739516936733,1.15138519400117,1.23474669942139,1.62629349768532,2.69308302527166,0.75021656362856,0.818617373422655,2.00104074508866,2.83483942395762,2.27370108642732,0.828100463179727,1.0033787333496,1.28962203557818,1.01837398272356,2.3522892453281,1.22950206003599,2.92416459491318,2.81172859863789,1.21026091696535,1.32028425997055,0.673801189849424,0.876845651375009,1.94761719398484
TraesCS7A02G087800,0,0,0.0687919125361855,0,0,0,0,0,0,0,0,0,0,0,0,0,0,0,0,0,0,0,0.170107120872764,0,0.129671751444891,0,0,0.217521301021113,0.169841736484099,0
TraesCS7A02G281700,0,0,0,0,0,0,0,0,0,0,0,0,0,0,0,0,0,0,0,0,0,0,0,0,0,0,0,0,0,0
TraesCS7A02G461400,0,0,0,0,0,0,0,0,0,0,0,0,0,0,0,0,0,0,0,0,0,0,0,0,0,0,0,0,0,0
TraesCS1B02G049500,0,0,0,0,0,0,0,0,0,0,0,0,0,0,0,0,0,0,0,0,0,0,0,0,0,0,0,0,0,0
TraesCS1B02G041700,0,0,0,0,0,0,0,0,0,0,0,0,0,0,0,0,0,0,0,0,0,0,0,0,0,0,0,0,0,0
TraesCS2B02G301500,0,0,0,0,0,0,0,0,0,0,0,0,0,0,0,0,0,0,0,0,0,0,0,0,0,0,0,0,0,0
TraesCS3B02G009500,0,0,0,0,0,0,0,0,0,0,0,0,0,0,0,0,0,0,0,0,0,0,0,0,0,0,0,0,0,0
TraesCS3B02G084400,0,0,0,0,0,0,0,0,0,0,0,0,0,0,0,0,0,0,0,0,0,0,0,0,0,0,0,0,0,0
TraesCS3B02G011600,0,0,0,0,0,0,0,0,0,0,0,0,0,0,0,0,0,0,0,0,0,0,0,0,0,0,0,0,0,0
TraesCS4B02G086600,0.52899930741404,0.112018200632298,0.593322656049078,0.247456427500264,0.117471656976576,0,0.241161329915666,0,0,0.491137845724543,0,0.292148619928371,0,0.488424840629934,0,0,0.189292300879518,0,0.13303599563486,0,0.202536279000038,0.495347343286994,0.628780778654137,0,0.31954415713516,0.160466093923423,0.175053870695321,2.68013888989827,0.418533211177056,0.273420741006958
TraesCS4B02G351700,0,0,0,0,0,0,0,0,0,0,0,0,0,0,0,0,0,0,0,0,0,0,0,0,0,0,0,0,0,0
TraesCS4B02G351800,0,0,0,0,0,0,0,0,0,0,0,0,0,0,0,0,0,0,0,0,0,0,0,0,0,0,0,0,0,0
TraesCS6B02G015700,0,0,0,0,0,0,0,0,0,0,0,0,0,0,0,0,0,0,0,0,0,0,0,0,0,0,0,0,0,0
TraesCS6B02G654200_M,0.685986511952379,1.16208809576816,1.19335296802471,1.95591459242415,0.565807729106604,1.07334084675783,1.07221368264663,0.413093383664538,1.83257750694653,1.36476253892881,1.56876066986424,1.51538960408889,0.995055062811459,0.72385264150911,0.786398397604788,1.36727614050444,1.16889130639031,1.64753538848445,0.788645038871399,1.48243275979869,1.05056587884192,0.489407926700819,0.46593108058544,0.198896741576828,0.710353557947946,0.951252240236696,1.42687795322157,1.39020153929255,1.24054448204998,0.709123576496462
TraesCS7B02G007300,0,0,0,0,0,0,0,0,0,0,0,0,0,0,0,0,0,0,0,0,0,0,0,0,0,0,0,0,0,0
TraesCS7B02G120500,0,0.192589713681933,0.0728630575876442,0.49635228287926,0.403931372851172,0,0.414621831251061,0.479225935981092,0,0.105549920183215,0.303317534676584,0.125570708034463,0.192392411613394,0,0.22807343511717,0,0.379685695062077,0.212365672651554,0.343087518332996,0,0,0.141939438529126,0,0,0.412037401404556,0.413827202766097,0,0,0.179893068385283,0
TraesCS7B02G379400,0,0,0,0,0,0,0,0,0,0,0,0,0,0,0,0,0,0,0,0,0,0,0,0,0,0,0,0,0,0
TraesCS7B02G611500_M,0,0,0,0,0,0,0,0,0,0,0,0,0,0,0,0,0,0,0,0.1635618191465,0,0,0,0,0,0,0,0,0,0
TraesCS2D02G548100,0.0895095900985824,0.0758163807146918,0.0573676881126135,0.558279833448425,0.159014799706644,0,0,0,0.185982411265183,0.332412890804007,0.119406365204223,0.0988663041752821,0.151477418462636,0,0.179570362893925,0,0,0.501609241137541,0.0900416864123633,0.416623415078063,0,0,0,0,0.108137255087854,0,0.118480307943727,0.181397691890964,0.424908717082083,0.925285840982326
TraesCS2D02G555400,3.45553285163084,6.66123022416064,2.52016367929781,2.82411902706332,6.66799952551177,6.65590822181538,6.40990513752386,5.5251034750329,3.71373228379224,6.02922967529264,3.97388181614054,3.22449601044997,2.11731100144554,5.50084835421188,3.34664892626801,4.98743193359355,3.75212715047543,4.61859451173838,3.59593915835299,2.63441835784749,6.02197132050292,5.87634919225831,3.77685154255871,6.65058508266536,3.526865401923,4.84339628462067,4.889397296566,2.17331023938709,1.97975361700511,3.26414355402123
TraesCS2D02G667500_M,0,0,0.165956526325775,0,0,0,0,0,0,0,0,0,0,0,0,0,0,0,0,0,0,0,0,0,0,0,0,0,0,0
TraesCS2D02G740900_M,0,0,0,0,0,0,0,0,0,0,0,0,0,0,0,0,0,0,0,0,0,0,0,0,0,0,0,0,0,0
TraesCS3D02G488300,0,0,0,0,0,0,0,0,0,0,0,0,0,0,0,0,0,0,0,0,0,0,0,0,0,0,0,0,0,0
TraesCS4D02G164600,8.73909426926038,10.4864280067008,7.93472499785543,13.0588640020846,10.8352259450169,9.37223490529254,8.6319932644662,9.20952296898779,9.45730730431095,12.6775329405963,11.1722572857667,6.23398297554324,9.55135984653713,14.1204036854289,10.9575013663826,11.8541567693958,8.86016769681747,9.01251014422943,8.24160417672336,7.20307967575427,12.5471593983195,8.63778230776761,5.48228587366853,5.17324866366171,7.47842042597852,8.39454095720421,8.67569535591827,8.11727119922287,4.60945932698522,5.45794974925006
TraesCS4D02G346500,0,0,0,0,0,0,0,0,0,0,0,0,0,0,0,0,0,0,0,0,0,0,0,0,0,0,0,0,0,0
TraesCS5D02G032500,2.55511175828304,2.00964199404765,3.15822748759306,1.47981555852675,3.40438871430412,2.59863532411758,3.66089361113148,0.769329821708988,1.89606916235028,2.20279212231328,2.19120133759662,3.62854991158295,4.9417432108444,1.34807635672038,2.1968388853917,2.12197038046213,1.82859590532942,1.36369284557733,3.12107955167239,2.3360851294907,2.23603999129884,1.36718280132561,0.289244263993154,3.70417926761231,2.20489360556721,2.43591830519808,4.10683630141604,4.43838834921521,2.02155109491184,2.26396369959232
TraesCS5D02G482100,0,0,0,0,0,0,0,0,0,0,0,0,0,0,0,0,0,0,0,0,0,0,0,0,0,0,0,0,0,0
TraesCS6D02G009900,0.796169255180802,0.809245194365955,1.47979372322791,1.09247235421034,1.13152295306662,0.697614518466616,1.01628613579232,1.34244374840187,1.15799250542264,0.960941728171733,0.531047437172872,0.967334816728822,1.21262422240068,0.588082193872173,1.11806881636079,0.555410525725636,1.63339206633886,0.81798021309836,0.720811927464753,0.555866841265152,1.46316857028933,1.0934314451622,0.378538056437374,0.969542352404795,0.961858475117259,1.44905487047215,0.94847200822539,1.12944641529135,0,0.740720323073312
TraesCS6D02G044200,0,0,0,0,0,0,0,0,0,0,0,0,0,0,0,0,0,0,0,0,0,0,0,0,0,0,0,0,0,0
TraesCS7D02G104500,0,0,0,0,0,0,0,0,0,0,0,0,0,0,0,0,0,0,0,0,0,0,0,0,0,0,0,0,0,0
TraesCS7D02G016700,3.90416222904383,6.49977305933015,4.48674080397734,4.53425550982964,4.06580698117851,2.65413178656504,5.40088707051023,3.40495840228075,3.63643237551924,6.62451403816557,7.36328523758008,4.907073113433,3.41742855129991,2.48600783662945,4.0512235510031,5.94799927490186,5.45965709380112,4.27517094468168,4.8753568642899,4.69964687898031,5.15439362324895,3.69782206611908,4.90727712217674,1.63942381601601,1.95171714304117,3.10364205201216,3.56398985620482,2.72829951685062,2.76935115338134,2.92250659963097
TraesCS7D02G022700,0,0.18130945902342,0.205786092643961,0.133508634456095,0.19013626764923,0,0,0,0.222381826041369,0.198735421144967,0.142775896679906,0.236431704556317,0,0,0,0.24887681176563,0.0510638516420223,0,0,0.124540642292978,0.163909717219317,0,0.169621100527414,0.434447311244244,0.258602521452955,0,0.141668596784142,0,0,0.110637749843172
TraesCS7D02G022800,0.780992834531041,0.1890046482746,0.858080505440194,0.417525141262545,0.594618260704964,0.122199415837134,0.203451814441139,1.41091537667106,0.69546066222915,0.207170208192818,0.595342532693579,0.86263242913325,0.188811018992147,0,0.671483516346457,0,1.01139125366924,0.312618715437172,0.897869147009954,0.90878502939031,0.512599264572695,0.557188920272191,0.707280836153028,0.679329377224804,2.42620384981923,0.406123792439103,0.590725347722408,0.904422148102677,0,0.9226677574412
TraesCS7D02G104600,0,0,0,0,0,0,0,0,0,0,0,0,0,0,0,0,0,0,0,0,0,0,0,0,0,0,0,0,0,0
TraesCS7D02G082900,0.103694846937735,0,0.0664591764017405,0.0646754630583158,0,0,0,0,0,0,0,0.114534389750465,0,0,0,0,0,0,0,0,0,0,0,0,0,0,0,0,0,0
TraesCS7D02G280200,0,0,0,0,0,0,0,0,0,0,0,0,0,0,0,0,0,0,0,0,0,0,0,0,0,0,0,0,0,0
TraesCS7D02G449600,0,0,0,0,0,0,0,0,0,0,0,0,0,0,0,0,0,0,0,0,0,0,0,0,0,0,0,0,0,0
TraesCS7D02G449000,0,0,0,0,0,0,0,0,0,0,0,0,0,0,0,0,0,0,0,0,0,0,0,0,0,0,0,0,0,0
TraesCSU02G149300,0,0,0,0,0,0,0,0,0,0,0,0,0,0,0,0,0.203673482332852,0,0,0,0,0,0,0,0,0,0,0,0,0
TraesCSU02G213700,0,0,0,0,0,0,0,0,0,0,0,0,0,0,0,0,0,0,0,0,0,0,0,0,0,0,0,0,0,0
